,gender,age,local_or_non_local,university,current_study,year_of_study,drinking_frequency,drinking_consumption_amount,drinking_frequency_six_servings,type_of_drink,drinking_occasion,drinking_frequency_before_examination,gpa,activity_1,activity_2,academic_achievements,professional_examinations,nationality,drinking_consumption_amount_score,drinking_frequency_score,drinking_frequency_six_servings_score,drinking_frequency_before_examination_score,risk_score
1,Male 男性,20,Non-local student 非本地生,The Chinese University of Hong Kong (CUHK) 香港中文大學,Undergraduate student 本科生,4.0,Monthly or less 少於每月,7.0,Less than once per month 少於每月,Soju 燒酒,"Special events (birthdays, graduation, etc.) 特殊場合 （生日、畢業等等）;Socialising with friends (dorm/student club events, night out with friends, etc.) 朋友聚會 （宿舍或學生社團活動、夜生活等等）",Never (0%) 從來不會,3.67,1.0,1.0,6,0.0,Philipine,4,1,1,0,6
2,Male 男性,21,Non-local student 非本地生,The Chinese University of Hong Kong (CUHK) 香港中文大學,Undergraduate student 本科生,4.0,2-4 times a month 每月二至四次,3.0,Less than once per month 少於每月,Soju 燒酒,"Special events (birthdays, graduation, etc.) 特殊場合 （生日、畢業等等）;Socialising with friends (dorm/student club events, night out with friends, etc.) 朋友聚會 （宿舍或學生社團活動、夜生活等等）",Never (0%) 從來不會,3.33,1.0,1.0,5,0.0,Indonesia,2,2,1,0,5
4,Male 男性,21,Non-local student 非本地生,The Chinese University of Hong Kong (CUHK) 香港中文大學,Undergraduate student 本科生,4.0,2-4 times a month 每月二至四次,2.0,Less than once per month 少於每月,Soju 燒酒,"Special events (birthdays, graduation, etc.) 特殊場合 （生日、畢業等等）;Socialising with friends (dorm/student club events, night out with friends, etc.) 朋友聚會 （宿舍或學生社團活動、夜生活等等）",Never (0%) 從來不會,3.55,1.0,0.0,4,0.0,Indonesia,1,2,1,0,4
5,Female 女性,21,Non-local student 非本地生,The Chinese University of Hong Kong (CUHK) 香港中文大學,Undergraduate student 本科生,4.0,2-4 times a month 每月二至四次,3.0,Less than once per month 少於每月,Cocktails,"Special events (birthdays, graduation, etc.) 特殊場合 （生日、畢業等等）;Socialising with friends (dorm/student club events, night out with friends, etc.) 朋友聚會 （宿舍或學生社團活動、夜生活等等）",Never (0%) 從來不會,3.5,1.0,0.0,6,0.0,Indonesia,2,2,1,0,5
6,Male 男性,20,Non-local student 非本地生,The Chinese University of Hong Kong (CUHK) 香港中文大學,Undergraduate student 本科生,4.0,2-3 times a week 每週二至三次,3.0,Weekly 每週,Whiskey 威士忌,"Special events (birthdays, graduation, etc.) 特殊場合 （生日、畢業等等）;Networking or career-related events 社交或工作相關的場合;Family gatherings 家庭聚會;Socialising with friends (dorm/student club events, night out with friends, etc.) 朋友聚會 （宿舍或學生社團活動、夜生活等等）;Drinking alone 單獨飲酒",Occasionally (20%) 偶爾,3.6,1.0,0.0,2,0.0,Taiwan,2,3,3,1,9
7,Female 女性,20,Non-local student 非本地生,The Chinese University of Hong Kong (CUHK) 香港中文大學,Undergraduate student 本科生,4.0,2-4 times a month 每月二至四次,1.5,Never 從來不會,Beer 啤酒,"Special events (birthdays, graduation, etc.) 特殊場合 （生日、畢業等等）;Networking or career-related events 社交或工作相關的場合;Family gatherings 家庭聚會;Socialising with friends (dorm/student club events, night out with friends, etc.) 朋友聚會 （宿舍或學生社團活動、夜生活等等）;Drinking alone 單獨飲酒",Never (0%) 從來不會,3.54,1.0,0.0,2,0.0,Taiwan,1,2,0,0,3
8,Male 男性,20,Non-local student 非本地生,The Chinese University of Hong Kong (CUHK) 香港中文大學,Undergraduate student 本科生,4.0,2-3 times a week 每週二至三次,3.0,Weekly 每週,Whiskey 威士忌,"Special events (birthdays, graduation, etc.) 特殊場合 （生日、畢業等等）;Networking or career-related events 社交或工作相關的場合;Family gatherings 家庭聚會;Socialising with friends (dorm/student club events, night out with friends, etc.) 朋友聚會 （宿舍或學生社團活動、夜生活等等）;Drinking alone 單獨飲酒",Occasionally (20%) 偶爾,3.6,1.0,0.0,2,0.0,Taiwan,2,3,3,1,9
9,Male 男性,20,Non-local student 非本地生,The Chinese University of Hong Kong (CUHK) 香港中文大學,Undergraduate student 本科生,4.0,2-3 times a week 每週二至三次,3.0,Weekly 每週,Whiskey 威士忌,"Special events (birthdays, graduation, etc.) 特殊場合 （生日、畢業等等）;Networking or career-related events 社交或工作相關的場合;Family gatherings 家庭聚會;Socialising with friends (dorm/student club events, night out with friends, etc.) 朋友聚會 （宿舍或學生社團活動、夜生活等等）;Drinking alone 單獨飲酒",Occasionally (20%) 偶爾,3.6,1.0,0.0,2,0.0,Taiwan,2,3,3,1,9
10,Male 男性,21,Non-local student 非本地生,The Chinese University of Hong Kong (CUHK) 香港中文大學,Undergraduate student 本科生,4.0,Monthly or less 少於每月,15.0,Less than once per month 少於每月,Whiskey 威士忌,Family gatherings 家庭聚會,Never (0%) 從來不會,3.6,1.0,0.0,1,0.0,Indonesia,5,1,1,0,7
11,Male 男性,21,Non-local student 非本地生,The Chinese University of Hong Kong (CUHK) 香港中文大學,Undergraduate student 本科生,3.0,Monthly or less 少於每月,3.0,Less than once per month 少於每月,Beer 啤酒,"Special events (birthdays, graduation, etc.) 特殊場合 （生日、畢業等等）;Socialising with friends (dorm/student club events, night out with friends, etc.) 朋友聚會 （宿舍或學生社團活動、夜生活等等）",Never (0%) 從來不會,3.71,1.0,1.0,7,0.0,Indonesia,2,1,1,0,4
12,Male 男性,20,Non-local student 非本地生,The Chinese University of Hong Kong (CUHK) 香港中文大學,Undergraduate student 本科生,3.0,2-4 times a month 每月二至四次,10.0,Monthly 每月,Soju 燒酒,"Special events (birthdays, graduation, etc.) 特殊場合 （生日、畢業等等）;Networking or career-related events 社交或工作相關的場合;Socialising with friends (dorm/student club events, night out with friends, etc.) 朋友聚會 （宿舍或學生社團活動、夜生活等等）;Drinking alone 單獨飲酒",Occasionally (20%) 偶爾,3.27,0.0,0.0,0,0.0,Indonesia,5,2,2,1,10
13,Female 女性,21,Non-local student 非本地生,The Chinese University of Hong Kong (CUHK) 香港中文大學,Undergraduate student 本科生,2.0,2-4 times a month 每月二至四次,2.0,Never 從來不會,Soju 燒酒,"Special events (birthdays, graduation, etc.) 特殊場合 （生日、畢業等等）;Socialising with friends (dorm/student club events, night out with friends, etc.) 朋友聚會 （宿舍或學生社團活動、夜生活等等）",Occasionally (20%) 偶爾,3.42,1.0,1.0,0,0.0,Indonesia,1,2,0,1,4
14,Prefer not to say 不方便透露,20,Non-local student 非本地生,The Chinese University of Hong Kong (CUHK) 香港中文大學,Undergraduate student 本科生,3.0,Monthly or less 少於每月,12.0,Less than once per month 少於每月,Soju 燒酒,"Special events (birthdays, graduation, etc.) 特殊場合 （生日、畢業等等）;Socialising with friends (dorm/student club events, night out with friends, etc.) 朋友聚會 （宿舍或學生社團活動、夜生活等等）",Never (0%) 從來不會,3.4,1.0,1.0,0,0.0,Indonesia,5,1,1,0,7
15,Female 女性,21,Non-local student 非本地生,The Chinese University of Hong Kong (CUHK) 香港中文大學,Undergraduate student 本科生,4.0,Monthly or less 少於每月,2.0,Never 從來不會,Beer 啤酒,"Special events (birthdays, graduation, etc.) 特殊場合 （生日、畢業等等）;Socialising with friends (dorm/student club events, night out with friends, etc.) 朋友聚會 （宿舍或學生社團活動、夜生活等等）",Occasionally (20%) 偶爾,3.4,1.0,1.0,4,0.0,Indonesia,1,1,0,1,3
16,Male 男性,19,Non-local student 非本地生,The Chinese University of Hong Kong (CUHK) 香港中文大學,Undergraduate student 本科生,2.0,Monthly or less 少於每月,3.0,Less than once per month 少於每月,Beer 啤酒,"Special events (birthdays, graduation, etc.) 特殊場合 （生日、畢業等等）;Socialising with friends (dorm/student club events, night out with friends, etc.) 朋友聚會 （宿舍或學生社團活動、夜生活等等）",Occasionally (20%) 偶爾,3.5,1.0,1.0,2,0.0,Indonesia,2,1,1,1,5
20,Female 女性,21,Non-local student 非本地生,The Hong Kong University of Science and Technology (HKUST) 香港科技大學,Undergraduate student 本科生,4.0,2-4 times a month 每月二至四次,5.0,Monthly 每月,Soju 燒酒,"Special events (birthdays, graduation, etc.) 特殊場合 （生日、畢業等等）;Networking or career-related events 社交或工作相關的場合;Socialising with friends (dorm/student club events, night out with friends, etc.) 朋友聚會 （宿舍或學生社團活動、夜生活等等）",Sometimes (40%) 有時,3.3,1.0,1.0,1,0.0,Indonesia,3,2,2,2,9
21,Female 女性,20,Local student 本地生,The Hang Seng University of Hong Kong,Undergraduate student 本科生,3.0,Never 從來不飲用,0.0,Never 從來不會,I don't consume alcoholic beverage 我不飲用含酒精的飲料,I don't consume alcoholic beverage 我不飲用含酒精的飲料,Never (0%) 從來不會,3.38,0.0,0.0,1,0.0,Hong Kong,0,0,0,0,0
22,Female 女性,19,Non-local student 非本地生,The Chinese University of Hong Kong (CUHK) 香港中文大學,Undergraduate student 本科生,2.0,Monthly or less 少於每月,7.0,Less than once per month 少於每月,Beer 啤酒,"Special events (birthdays, graduation, etc.) 特殊場合 （生日、畢業等等）;Socialising with friends (dorm/student club events, night out with friends, etc.) 朋友聚會 （宿舍或學生社團活動、夜生活等等）",Never (0%) 從來不會,3.0,1.0,1.0,0,0.0,Indonesia,4,1,1,0,6
23,Female 女性,21,Non-local student 非本地生,The University of Hong Kong (HKU) 香港大學,Undergraduate student 本科生,4.0,Monthly or less 少於每月,1.0,Never 從來不會,Beer 啤酒,"Special events (birthdays, graduation, etc.) 特殊場合 （生日、畢業等等）;Socialising with friends (dorm/student club events, night out with friends, etc.) 朋友聚會 （宿舍或學生社團活動、夜生活等等）",Occasionally (20%) 偶爾,3.33,0.0,0.0,2,0.0,Indonesia,1,1,0,1,3
24,Male 男性,20,Non-local student 非本地生,The Chinese University of Hong Kong (CUHK) 香港中文大學,Undergraduate student 本科生,4.0,Monthly or less 少於每月,1.0,Less than once per month 少於每月,Beer 啤酒,"Special events (birthdays, graduation, etc.) 特殊場合 （生日、畢業等等）;Networking or career-related events 社交或工作相關的場合;Family gatherings 家庭聚會;Socialising with friends (dorm/student club events, night out with friends, etc.) 朋友聚會 （宿舍或學生社團活動、夜生活等等）",Never (0%) 從來不會,3.1,1.0,1.0,2,1.0,Taiwan,1,1,1,0,3
25,Female 女性,20,Non-local student 非本地生,The Chinese University of Hong Kong (CUHK) 香港中文大學,Undergraduate student 本科生,3.0,Monthly or less 少於每月,4.0,Less than once per month 少於每月,Spirits 烈酒,"Special events (birthdays, graduation, etc.) 特殊場合 （生日、畢業等等）;Socialising with friends (dorm/student club events, night out with friends, etc.) 朋友聚會 （宿舍或學生社團活動、夜生活等等）",Never (0%) 從來不會,3.3,1.0,0.0,0,0.0,Indonesia,2,1,1,0,4
26,Female 女性,21,Non-local student 非本地生,The Chinese University of Hong Kong (CUHK) 香港中文大學,Undergraduate student 本科生,4.0,Monthly or less 少於每月,1.0,Never 從來不會,Vodka 伏特加,"Special events (birthdays, graduation, etc.) 特殊場合 （生日、畢業等等）;Socialising with friends (dorm/student club events, night out with friends, etc.) 朋友聚會 （宿舍或學生社團活動、夜生活等等）",Never (0%) 從來不會,3.3,1.0,1.0,0,0.0,United States,1,1,0,0,2
27,Male 男性,21,Non-local student 非本地生,The Chinese University of Hong Kong (CUHK) 香港中文大學,Undergraduate student 本科生,2.0,2-4 times a month 每月二至四次,5.0,Monthly 每月,Soju 燒酒,"Socialising with friends (dorm/student club events, night out with friends, etc.) 朋友聚會 （宿舍或學生社團活動、夜生活等等）",Never (0%) 從來不會,3.6,0.0,0.0,0,0.0,"Korea, South",3,2,2,0,7
28,Male 男性,21,Non-local student 非本地生,The University of Hong Kong (HKU) 香港大學,Undergraduate student 本科生,4.0,2-4 times a month 每月二至四次,12.0,Never 從來不會,Beer 啤酒,"Special events (birthdays, graduation, etc.) 特殊場合 （生日、畢業等等）;Networking or career-related events 社交或工作相關的場合;Family gatherings 家庭聚會;Socialising with friends (dorm/student club events, night out with friends, etc.) 朋友聚會 （宿舍或學生社團活動、夜生活等等）",Never (0%) 從來不會,3.6,1.0,1.0,1,0.0,Indonesia,5,2,0,0,7
30,Female 女性,19,Non-local student 非本地生,The Chinese University of Hong Kong (CUHK) 香港中文大學,Undergraduate student 本科生,3.0,Monthly or less 少於每月,1.5,Never 從來不會,Wine,"Special events (birthdays, graduation, etc.) 特殊場合 （生日、畢業等等）;Family gatherings 家庭聚會",Never (0%) 從來不會,3.6,1.0,1.0,1,0.0,Indonesia,1,1,0,0,2
31,Male 男性,21,Non-local student 非本地生,The Chinese University of Hong Kong (CUHK) 香港中文大學,Undergraduate student 本科生,3.0,Monthly or less 少於每月,1.0,Less than once per month 少於每月,I don't consume alcoholic beverage 我不飲用含酒精的飲料,I don't consume alcoholic beverage 我不飲用含酒精的飲料,Never (0%) 從來不會,3.83,1.0,1.0,20,0.0,Indonesia,1,1,1,0,3
32,Female 女性,19,Non-local student 非本地生,The Hong Kong Polytechnic University (PolyU) 香港理工大學,Undergraduate student 本科生,2.0,2-4 times a month 每月二至四次,1.0,Never 從來不會,Beer 啤酒,"Special events (birthdays, graduation, etc.) 特殊場合 （生日、畢業等等）;Socialising with friends (dorm/student club events, night out with friends, etc.) 朋友聚會 （宿舍或學生社團活動、夜生活等等）",Never (0%) 從來不會,3.61,1.0,1.0,2,0.0,Indonesia,1,2,0,0,3
33,Male 男性,24,Non-local student 非本地生,The Chinese University of Hong Kong (CUHK) 香港中文大學,Undergraduate student 本科生,3.0,Monthly or less 少於每月,2.0,Never 從來不會,Whiskey 威士忌,"Socialising with friends (dorm/student club events, night out with friends, etc.) 朋友聚會 （宿舍或學生社團活動、夜生活等等）",Never (0%) 從來不會,3.2,1.0,1.0,3,0.0,Taiwan,1,1,0,0,2
34,Male 男性,20,Non-local student 非本地生,The Chinese University of Hong Kong (CUHK) 香港中文大學,Undergraduate student 本科生,3.0,Monthly or less 少於每月,5.0,Less than once per month 少於每月,Soju 燒酒,"Special events (birthdays, graduation, etc.) 特殊場合 （生日、畢業等等）;Family gatherings 家庭聚會;Socialising with friends (dorm/student club events, night out with friends, etc.) 朋友聚會 （宿舍或學生社團活動、夜生活等等）",Never (0%) 從來不會,3.3,0.0,0.0,2,0.0,Indonesia,3,1,1,0,5
36,Male 男性,21,Local student 本地生,The Chinese University of Hong Kong (CUHK) 香港中文大學,Undergraduate student 本科生,4.0,2-4 times a month 每月二至四次,1.0,Less than once per month 少於每月,Beer 啤酒,"Family gatherings 家庭聚會;Socialising with friends (dorm/student club events, night out with friends, etc.) 朋友聚會 （宿舍或學生社團活動、夜生活等等）;Drinking alone 單獨飲酒",Occasionally (20%) 偶爾,3.46,1.0,1.0,2,0.0,Taiwan,1,2,1,1,5
37,Male 男性,20,Non-local student 非本地生,The Chinese University of Hong Kong (CUHK) 香港中文大學,Undergraduate student 本科生,3.0,Monthly or less 少於每月,1.0,Never 從來不會,Soju 燒酒,"Socialising with friends (dorm/student club events, night out with friends, etc.) 朋友聚會 （宿舍或學生社團活動、夜生活等等）",Never (0%) 從來不會,3.8,1.0,1.0,5,0.0,Indonesia,1,1,0,0,2
38,Male 男性,21,Non-local student 非本地生,The Chinese University of Hong Kong (CUHK) 香港中文大學,Undergraduate student 本科生,4.0,Never 從來不飲用,0.0,Never 從來不會,I don't consume alcoholic beverage 我不飲用含酒精的飲料,I don't consume alcoholic beverage 我不飲用含酒精的飲料,Never (0%) 從來不會,3.78,0.0,0.0,6,0.0,Taiwan,0,0,0,0,0
39,Female 女性,21,Non-local student 非本地生,The Chinese University of Hong Kong (CUHK) 香港中文大學,Undergraduate student 本科生,4.0,2-4 times a month 每月二至四次,12.0,Less than once per month 少於每月,Whiskey 威士忌,"Special events (birthdays, graduation, etc.) 特殊場合 （生日、畢業等等）;Networking or career-related events 社交或工作相關的場合;Family gatherings 家庭聚會;Socialising with friends (dorm/student club events, night out with friends, etc.) 朋友聚會 （宿舍或學生社團活動、夜生活等等）",Never (0%) 從來不會,3.79,1.0,1.0,25,1.0,Taiwan,5,2,1,0,8
41,Male 男性,22,Non-local student 非本地生,The Chinese University of Hong Kong (CUHK) 香港中文大學,Undergraduate student 本科生,4.0,2-4 times a month 每月二至四次,2.0,Less than once per month 少於每月,Gin,"Special events (birthdays, graduation, etc.) 特殊場合 （生日、畢業等等）;Networking or career-related events 社交或工作相關的場合;Socialising with friends (dorm/student club events, night out with friends, etc.) 朋友聚會 （宿舍或學生社團活動、夜生活等等）",Sometimes (40%) 有時,3.3,1.0,0.0,8,1.0,Taiwan,1,2,1,2,6
42,Male 男性,21,Non-local student 非本地生,The Hong Kong University of Science and Technology (HKUST) 香港科技大學,Undergraduate student 本科生,3.0,2-3 times a week 每週二至三次,2.0,Less than once per month 少於每月,Soju 燒酒,"Special events (birthdays, graduation, etc.) 特殊場合 （生日、畢業等等）;Socialising with friends (dorm/student club events, night out with friends, etc.) 朋友聚會 （宿舍或學生社團活動、夜生活等等）",Never (0%) 從來不會,3.0,1.0,1.0,0,0.0,Indonesia,1,3,1,0,5
43,Male 男性,20,Non-local student 非本地生,The University of Hong Kong (HKU) 香港大學,Undergraduate student 本科生,4.0,2-4 times a month 每月二至四次,3.0,Never 從來不會,Beer 啤酒,"Networking or career-related events 社交或工作相關的場合;Socialising with friends (dorm/student club events, night out with friends, etc.) 朋友聚會 （宿舍或學生社團活動、夜生活等等）",Never (0%) 從來不會,3.72,1.0,0.0,10,0.0,Indonesia,2,2,0,0,4
45,Male 男性,20,Non-local student 非本地生,The Chinese University of Hong Kong (CUHK) 香港中文大學,Undergraduate student 本科生,4.0,Never 從來不飲用,0.0,Never 從來不會,I don't consume alcoholic beverage 我不飲用含酒精的飲料,I don't consume alcoholic beverage 我不飲用含酒精的飲料,Never (0%) 從來不會,3.37,0.0,0.0,4,0.0,Indonesia,0,0,0,0,0
48,Female 女性,21,Non-local student 非本地生,The Chinese University of Hong Kong (CUHK) 香港中文大學,Undergraduate student 本科生,4.0,2-4 times a month 每月二至四次,2.0,Less than once per month 少於每月,Soju 燒酒,"Special events (birthdays, graduation, etc.) 特殊場合 （生日、畢業等等）;Networking or career-related events 社交或工作相關的場合;Family gatherings 家庭聚會;Socialising with friends (dorm/student club events, night out with friends, etc.) 朋友聚會 （宿舍或學生社團活動、夜生活等等）",Occasionally (20%) 偶爾,3.68,1.0,0.0,2,0.0,Taiwan,1,2,1,1,5
50,Female 女性,20,Non-local student 非本地生,The Chinese University of Hong Kong (CUHK) 香港中文大學,Undergraduate student 本科生,4.0,2-4 times a month 每月二至四次,2.0,Less than once per month 少於每月,Beer 啤酒,"Special events (birthdays, graduation, etc.) 特殊場合 （生日、畢業等等）;Networking or career-related events 社交或工作相關的場合;Socialising with friends (dorm/student club events, night out with friends, etc.) 朋友聚會 （宿舍或學生社團活動、夜生活等等）",Never (0%) 從來不會,3.2,1.0,1.0,2,0.0,Indonesia,1,2,1,0,4
51,Male 男性,21,Local student 本地生,The University of Hong Kong (HKU) 香港大學,Undergraduate student 本科生,4.0,Monthly or less 少於每月,1.0,Less than once per month 少於每月,Beer 啤酒,"Special events (birthdays, graduation, etc.) 特殊場合 （生日、畢業等等）;Family gatherings 家庭聚會",Never (0%) 從來不會,3.5,0.0,0.0,1,3.0,Hong Kong,1,1,1,0,3
52,Male 男性,21,Non-local student 非本地生,The Chinese University of Hong Kong (CUHK) 香港中文大學,Undergraduate student 本科生,4.0,2-3 times a week 每週二至三次,3.0,Monthly 每月,Whiskey 威士忌,"Special events (birthdays, graduation, etc.) 特殊場合 （生日、畢業等等）;Socialising with friends (dorm/student club events, night out with friends, etc.) 朋友聚會 （宿舍或學生社團活動、夜生活等等）;Drinking alone 單獨飲酒",Occasionally (20%) 偶爾,3.43,1.0,0.0,0,0.0,Taiwan,2,3,2,1,8
55,Female 女性,21,Local student 本地生,The Chinese University of Hong Kong (CUHK) 香港中文大學,Undergraduate student 本科生,3.0,Monthly or less 少於每月,1.0,Never 從來不會,Beer 啤酒,"Socialising with friends (dorm/student club events, night out with friends, etc.) 朋友聚會 （宿舍或學生社團活動、夜生活等等）",Never (0%) 從來不會,3.4,1.0,1.0,1,0.0,Hong Kong,1,1,0,0,2
56,Female 女性,20,Local student 本地生,The Chinese University of Hong Kong (CUHK) 香港中文大學,Undergraduate student 本科生,4.0,2-4 times a month 每月二至四次,0.7,Never 從來不會,Soju 燒酒,"Special events (birthdays, graduation, etc.) 特殊場合 （生日、畢業等等）;Socialising with friends (dorm/student club events, night out with friends, etc.) 朋友聚會 （宿舍或學生社團活動、夜生活等等）",Never (0%) 從來不會,3.0,1.0,1.0,0,0.0,Hong Kong,1,2,0,0,3
57,Male 男性,20,Non-local student 非本地生,The Chinese University of Hong Kong (CUHK) 香港中文大學,Undergraduate student 本科生,3.0,Monthly or less 少於每月,2.0,Never 從來不會,Beer 啤酒,"Socialising with friends (dorm/student club events, night out with friends, etc.) 朋友聚會 （宿舍或學生社團活動、夜生活等等）",Never (0%) 從來不會,3.46,1.0,1.0,0,0.0,India,1,1,0,0,2
60,Male 男性,21,Non-local student 非本地生,The Chinese University of Hong Kong (CUHK) 香港中文大學,Undergraduate student 本科生,1.0,Monthly or less 少於每月,0.5,Less than once per month 少於每月,Beer 啤酒,"Special events (birthdays, graduation, etc.) 特殊場合 （生日、畢業等等）;Family gatherings 家庭聚會;Socialising with friends (dorm/student club events, night out with friends, etc.) 朋友聚會 （宿舍或學生社團活動、夜生活等等）;Drinking alone 單獨飲酒",Never (0%) 從來不會,3.78,1.0,0.0,5,0.0,Taiwan,1,1,1,0,3
61,Male 男性,22,Non-local student 非本地生,The Chinese University of Hong Kong (CUHK) 香港中文大學,Undergraduate student 本科生,4.0,2-4 times a month 每月二至四次,3.0,Less than once per month 少於每月,Vodka 伏特加,"Special events (birthdays, graduation, etc.) 特殊場合 （生日、畢業等等）;Networking or career-related events 社交或工作相關的場合;Socialising with friends (dorm/student club events, night out with friends, etc.) 朋友聚會 （宿舍或學生社團活動、夜生活等等）",Occasionally (20%) 偶爾,3.78,1.0,1.0,8,1.0,Taiwan,2,2,1,1,6
66,Female 女性,21,Local student 本地生,The Chinese University of Hong Kong (CUHK) 香港中文大學,Undergraduate student 本科生,4.0,Never 從來不飲用,0.0,Never 從來不會,I don't consume alcoholic beverage 我不飲用含酒精的飲料,I don't consume alcoholic beverage 我不飲用含酒精的飲料,Never (0%) 從來不會,3.54,1.0,1.0,5,0.0,Hong Kong,0,0,0,0,0
68,Female 女性,19,Local student 本地生,The Chinese University of Hong Kong (CUHK) 香港中文大學,Undergraduate student 本科生,2.0,Never 從來不飲用,0.0,Never 從來不會,I don't consume alcoholic beverage 我不飲用含酒精的飲料,I don't consume alcoholic beverage 我不飲用含酒精的飲料,Never (0%) 從來不會,3.4,0.0,0.0,0,0.0,Hong Kong,0,0,0,0,0
69,Female 女性,21,Local student 本地生,The Chinese University of Hong Kong (CUHK) 香港中文大學,Undergraduate student 本科生,4.0,Never 從來不飲用,0.0,Never 從來不會,I don't consume alcoholic beverage 我不飲用含酒精的飲料,I don't consume alcoholic beverage 我不飲用含酒精的飲料,Never (0%) 從來不會,3.998,0.0,0.0,20,4.0,Hong Kong,0,0,0,0,0
70,Female 女性,22,Local student 本地生,The Chinese University of Hong Kong (CUHK) 香港中文大學,Undergraduate student 本科生,4.0,2-4 times a month 每月二至四次,2.0,Less than once per month 少於每月,Beer 啤酒,"Special events (birthdays, graduation, etc.) 特殊場合 （生日、畢業等等）;Networking or career-related events 社交或工作相關的場合;Family gatherings 家庭聚會;Socialising with friends (dorm/student club events, night out with friends, etc.) 朋友聚會 （宿舍或學生社團活動、夜生活等等）;Drinking alone 單獨飲酒",Occasionally (20%) 偶爾,2.649,0.0,0.0,0,0.0,Hong Kong,1,2,1,1,5
72,Male 男性,20,Local student 本地生,The Chinese University of Hong Kong (CUHK) 香港中文大學,Undergraduate student 本科生,2.0,2-3 times a week 每週二至三次,1.5,Never 從來不會,Beer 啤酒,"Special events (birthdays, graduation, etc.) 特殊場合 （生日、畢業等等）;Networking or career-related events 社交或工作相關的場合;Family gatherings 家庭聚會;Socialising with friends (dorm/student club events, night out with friends, etc.) 朋友聚會 （宿舍或學生社團活動、夜生活等等）;Drinking alone 單獨飲酒",Occasionally (20%) 偶爾,3.608,0.0,0.0,1,0.0,Hong Kong,1,3,0,1,5
73,Female 女性,21,Local student 本地生,The Chinese University of Hong Kong (CUHK) 香港中文大學,Undergraduate student 本科生,4.0,Monthly or less 少於每月,1.0,Never 從來不會,Beer 啤酒,"Socialising with friends (dorm/student club events, night out with friends, etc.) 朋友聚會 （宿舍或學生社團活動、夜生活等等）",Never (0%) 從來不會,3.6,1.0,1.0,4,0.0,Hong Kong,1,1,0,0,2
76,Female 女性,20,Local student 本地生,The Chinese University of Hong Kong (CUHK) 香港中文大學,Undergraduate student 本科生,2.0,Monthly or less 少於每月,1.0,Never 從來不會,香檳,"Special events (birthdays, graduation, etc.) 特殊場合 （生日、畢業等等）",Never (0%) 從來不會,2.96,0.0,0.0,0,0.0,Hong Kong,1,1,0,0,2
78,Male 男性,21,Local student 本地生,The Chinese University of Hong Kong (CUHK) 香港中文大學,Undergraduate student 本科生,4.0,Never 從來不飲用,0.0,Never 從來不會,I don't consume alcoholic beverage 我不飲用含酒精的飲料,Nil,Never (0%) 從來不會,3.48,1.0,1.0,2,0.0,China,0,0,0,0,0
80,Male 男性,27,Local student 本地生,The Chinese University of Hong Kong (CUHK) 香港中文大學,Undergraduate student 本科生,4.0,Monthly or less 少於每月,6.0,Less than once per month 少於每月,Beer 啤酒,"Special events (birthdays, graduation, etc.) 特殊場合 （生日、畢業等等）;Networking or career-related events 社交或工作相關的場合;Family gatherings 家庭聚會;Socialising with friends (dorm/student club events, night out with friends, etc.) 朋友聚會 （宿舍或學生社團活動、夜生活等等）;Drinking alone 單獨飲酒",Never (0%) 從來不會,3.591,0.0,0.0,10,0.0,Hong Kong,3,1,1,0,5
81,Female 女性,19,Local student 本地生,The Chinese University of Hong Kong (CUHK) 香港中文大學,Undergraduate student 本科生,1.0,2-4 times a month 每月二至四次,1.0,Never 從來不會,Apple cider,"Special events (birthdays, graduation, etc.) 特殊場合 （生日、畢業等等）;Socialising with friends (dorm/student club events, night out with friends, etc.) 朋友聚會 （宿舍或學生社團活動、夜生活等等）",Never (0%) 從來不會,3.4,1.0,1.0,2,0.0,Hong Kong,1,2,0,0,3
82,Male 男性,22,Local student 本地生,The Chinese University of Hong Kong (CUHK) 香港中文大學,Undergraduate student 本科生,4.0,2-4 times a month 每月二至四次,3.0,Less than once per month 少於每月,Beer 啤酒,"Special events (birthdays, graduation, etc.) 特殊場合 （生日、畢業等等）;Socialising with friends (dorm/student club events, night out with friends, etc.) 朋友聚會 （宿舍或學生社團活動、夜生活等等）",Never (0%) 從來不會,3.42,1.0,1.0,6,0.0,China,2,2,1,0,5
84,Male 男性,20,Local student 本地生,The Chinese University of Hong Kong (CUHK) 香港中文大學,Undergraduate student 本科生,3.0,Never 從來不飲用,0.0,Never 從來不會,I don't consume alcoholic beverage 我不飲用含酒精的飲料,I don't consume alcoholic beverage 我不飲用含酒精的飲料,Never (0%) 從來不會,3.6,0.0,0.0,4,0.0,Hong Kong,0,0,0,0,0
85,Female 女性,22,Local student 本地生,The Hong Kong Polytechnic University (PolyU) 香港理工大學,Undergraduate student 本科生,4.0,2-3 times a week 每週二至三次,6.0,Weekly 每週,Whiskey 威士忌,"Special events (birthdays, graduation, etc.) 特殊場合 （生日、畢業等等）;Networking or career-related events 社交或工作相關的場合;Family gatherings 家庭聚會;Socialising with friends (dorm/student club events, night out with friends, etc.) 朋友聚會 （宿舍或學生社團活動、夜生活等等）",Never (0%) 從來不會,3.5,1.0,1.0,1,1.0,Hong Kong,3,3,3,0,9
88,Male 男性,19,Local student 本地生,City University of Hong Kong (CityU) 香港城市大學,Undergraduate student 本科生,2.0,2-4 times a month 每月二至四次,2.0,Less than once per month 少於每月,Beer 啤酒,"Special events (birthdays, graduation, etc.) 特殊場合 （生日、畢業等等）;Socialising with friends (dorm/student club events, night out with friends, etc.) 朋友聚會 （宿舍或學生社團活動、夜生活等等）",Occasionally (20%) 偶爾,2.89,1.0,0.0,0,0.0,Hong Kong,1,2,1,1,5
91,Female 女性,19,Local student 本地生,The Chinese University of Hong Kong (CUHK) 香港中文大學,Undergraduate student 本科生,2.0,Monthly or less 少於每月,1.0,Never 從來不會,Beer 啤酒,Drinking alone 單獨飲酒,Never (0%) 從來不會,3.5,1.0,1.0,0,0.0,Hong Kong,1,1,0,0,2
92,Female 女性,20,Local student 本地生,The Chinese University of Hong Kong (CUHK) 香港中文大學,Undergraduate student 本科生,3.0,2-4 times a month 每月二至四次,1.0,Never 從來不會,果酒,"Socialising with friends (dorm/student club events, night out with friends, etc.) 朋友聚會 （宿舍或學生社團活動、夜生活等等）;做paper",Usually (80%) 通常,3.5,1.0,1.0,2,0.0,Hong Kong,1,2,0,4,7
94,Female 女性,24,Local student 本地生,The Chinese University of Hong Kong (CUHK) 香港中文大學,Undergraduate student 本科生,4.0,2-4 times a month 每月二至四次,2.0,Less than once per month 少於每月,Spirits 烈酒,"Family gatherings 家庭聚會;Socialising with friends (dorm/student club events, night out with friends, etc.) 朋友聚會 （宿舍或學生社團活動、夜生活等等）;Drinking alone 單獨飲酒",Often (60%) 經常,3.555,0.0,0.0,1,0.0,Hong Kong,1,2,1,3,7
96,Female 女性,21,Local student 本地生,The Chinese University of Hong Kong (CUHK) 香港中文大學,Undergraduate student 本科生,4.0,Monthly or less 少於每月,0.5,Never 從來不會,Beer 啤酒,Family gatherings 家庭聚會,Never (0%) 從來不會,3.2,1.0,0.0,4,2.0,Hong Kong,1,1,0,0,2
97,Female 女性,19,Local student 本地生,The Chinese University of Hong Kong (CUHK) 香港中文大學,Undergraduate student 本科生,2.0,2-4 times a month 每月二至四次,2.0,Never 從來不會,Beer 啤酒,"Family gatherings 家庭聚會;Socialising with friends (dorm/student club events, night out with friends, etc.) 朋友聚會 （宿舍或學生社團活動、夜生活等等）",Occasionally (20%) 偶爾,3.1,1.0,0.0,0,0.0,Hong Kong,1,2,0,1,4
98,Male 男性,22,Local student 本地生,The Chinese University of Hong Kong (CUHK) 香港中文大學,Undergraduate student 本科生,4.0,2-4 times a month 每月二至四次,12.0,Less than once per month 少於每月,Beer 啤酒,"Special events (birthdays, graduation, etc.) 特殊場合 （生日、畢業等等）;Networking or career-related events 社交或工作相關的場合;Socialising with friends (dorm/student club events, night out with friends, etc.) 朋友聚會 （宿舍或學生社團活動、夜生活等等）;Drinking alone 單獨飲酒",Sometimes (40%) 有時,3.12,1.0,1.0,0,0.0,Hong Kong,5,2,1,2,10
100,Female 女性,19,Non-local student 非本地生,The Chinese University of Hong Kong (CUHK) 香港中文大學,Undergraduate student 本科生,2.0,Monthly or less 少於每月,7.0,Less than once per month 少於每月,Beer 啤酒,"Special events (birthdays, graduation, etc.) 特殊場合 （生日、畢業等等）;Socialising with friends (dorm/student club events, night out with friends, etc.) 朋友聚會 （宿舍或學生社團活動、夜生活等等）",Never (0%) 從來不會,3.0,1.0,1.0,0,0.0,Indonesia,4,1,1,0,6
102,Female 女性,20,Non-local student 非本地生,The Chinese University of Hong Kong (CUHK) 香港中文大學,Undergraduate student 本科生,3.0,2-4 times a month 每月二至四次,2.0,Never 從來不會,Soju 燒酒,"Special events (birthdays, graduation, etc.) 特殊場合 （生日、畢業等等）;Networking or career-related events 社交或工作相關的場合;Socialising with friends (dorm/student club events, night out with friends, etc.) 朋友聚會 （宿舍或學生社團活動、夜生活等等）",Never (0%) 從來不會,3.5,1.0,0.0,2,0.0,Indonesia,1,2,0,0,3
103,Female 女性,20,Local student 本地生,The Chinese University of Hong Kong (CUHK) 香港中文大學,Undergraduate student 本科生,3.0,Monthly or less 少於每月,1.0,Never 從來不會,Beer 啤酒,"I don't consume alcoholic beverage 我不飲用含酒精的飲料;Special events (birthdays, graduation, etc.) 特殊場合 （生日、畢業等等）;Socialising with friends (dorm/student club events, night out with friends, etc.) 朋友聚會 （宿舍或學生社團活動、夜生活等等）",Never (0%) 從來不會,3.73,1.0,0.0,5,0.0,China,1,1,0,0,2
104,Male 男性,23,Local student 本地生,The Chinese University of Hong Kong (CUHK) 香港中文大學,Undergraduate student 本科生,2.0,Monthly or less 少於每月,3.0,Never 從來不會,Beer 啤酒,Networking or career-related events 社交或工作相關的場合,Never (0%) 從來不會,2.9,0.0,0.0,0,0.0,Hong Kong,2,1,0,0,3
105,Male 男性,20,Local student 本地生,The Chinese University of Hong Kong (CUHK) 香港中文大學,Undergraduate student 本科生,3.0,2-3 times a week 每週二至三次,3.0,Less than once per month 少於每月,wine,"Special events (birthdays, graduation, etc.) 特殊場合 （生日、畢業等等）;Networking or career-related events 社交或工作相關的場合;Family gatherings 家庭聚會;Drinking alone 單獨飲酒",Sometimes (40%) 有時,3.2,0.0,0.0,0,0.0,Hong Kong,2,3,1,2,8
107,Female 女性,19,Non-local student 非本地生,The Chinese University of Hong Kong (CUHK) 香港中文大學,Undergraduate student 本科生,2.0,Never 從來不飲用,0.0,Never 從來不會,I don't consume alcoholic beverage 我不飲用含酒精的飲料,I don't consume alcoholic beverage 我不飲用含酒精的飲料,Never (0%) 從來不會,3.5,0.0,0.0,0,0.0,Kazakhstan,0,0,0,0,0
108,Female 女性,19,Non-local student 非本地生,The Chinese University of Hong Kong (CUHK) 香港中文大學,Undergraduate student 本科生,2.0,2-4 times a month 每月二至四次,1.0,Never 從來不會,Cider ,"Special events (birthdays, graduation, etc.) 特殊場合 （生日、畢業等等）;Networking or career-related events 社交或工作相關的場合;Socialising with friends (dorm/student club events, night out with friends, etc.) 朋友聚會 （宿舍或學生社團活動、夜生活等等）",Never (0%) 從來不會,3.475,1.0,1.0,4,0.0,Russia,1,2,0,0,3
109,Male 男性,21,Non-local student 非本地生,The Chinese University of Hong Kong (CUHK) 香港中文大學,Undergraduate student 本科生,4.0,2-3 times a week 每週二至三次,4.0,Less than once per month 少於每月,Soju 燒酒,"Special events (birthdays, graduation, etc.) 特殊場合 （生日、畢業等等）;Socialising with friends (dorm/student club events, night out with friends, etc.) 朋友聚會 （宿舍或學生社團活動、夜生活等等）;Drinking alone 單獨飲酒",Never (0%) 從來不會,3.7,1.0,1.0,4,0.0,Indonesia,2,3,1,0,6
110,Female 女性,20,Non-local student 非本地生,The Chinese University of Hong Kong (CUHK) 香港中文大學,Undergraduate student 本科生,3.0,Monthly or less 少於每月,2.0,Never 從來不會,Beer 啤酒,"Special events (birthdays, graduation, etc.) 特殊場合 （生日、畢業等等）;Networking or career-related events 社交或工作相關的場合;Family gatherings 家庭聚會;Socialising with friends (dorm/student club events, night out with friends, etc.) 朋友聚會 （宿舍或學生社團活動、夜生活等等）",Occasionally (20%) 偶爾,3.6,1.0,0.0,5,0.0,China,1,1,0,1,3
111,Male 男性,21,Non-local student 非本地生,The Chinese University of Hong Kong (CUHK) 香港中文大學,Undergraduate student 本科生,4.0,Monthly or less 少於每月,3.0,Never 從來不會,Whiskey 威士忌,"Special events (birthdays, graduation, etc.) 特殊場合 （生日、畢業等等）;Socialising with friends (dorm/student club events, night out with friends, etc.) 朋友聚會 （宿舍或學生社團活動、夜生活等等）",Occasionally (20%) 偶爾,3.75,1.0,1.0,4,0.0,India,2,1,0,1,4
112,Female 女性,22,Non-local student 非本地生,The Chinese University of Hong Kong (CUHK) 香港中文大學,Undergraduate student 本科生,4.0,Monthly or less 少於每月,1.0,Never 從來不會,cocktails but no particular preference for the base,"Family gatherings 家庭聚會;Socialising with friends (dorm/student club events, night out with friends, etc.) 朋友聚會 （宿舍或學生社團活動、夜生活等等）",Never (0%) 從來不會,3.62,1.0,0.0,2,0.0,China,1,1,0,0,2
113,Female 女性,20,Non-local student 非本地生,The Chinese University of Hong Kong (CUHK) 香港中文大學,Undergraduate student 本科生,3.0,Monthly or less 少於每月,10.0,Less than once per month 少於每月,Beer 啤酒,"Special events (birthdays, graduation, etc.) 特殊場合 （生日、畢業等等）;Networking or career-related events 社交或工作相關的場合;Socialising with friends (dorm/student club events, night out with friends, etc.) 朋友聚會 （宿舍或學生社團活動、夜生活等等）",Never (0%) 從來不會,3.4,1.0,1.0,3,0.0,Malaysia,5,1,1,0,7
116,Male 男性,21,Non-local student 非本地生,The Chinese University of Hong Kong (CUHK) 香港中文大學,Undergraduate student 本科生,4.0,Never 從來不飲用,0.0,Never 從來不會,I don't consume alcoholic beverage 我不飲用含酒精的飲料,I don't consume alcoholic beverage 我不飲用含酒精的飲料,Never (0%) 從來不會,3.839,0.0,0.0,6,0.0,China,0,0,0,0,0
119,Prefer not to say 不方便透露,24,Local student 本地生,The Chinese University of Hong Kong (CUHK) 香港中文大學,Undergraduate student 本科生,4.0,Monthly or less 少於每月,1.5,Less than once per month 少於每月,Soju 燒酒,"Networking or career-related events 社交或工作相關的場合;Socialising with friends (dorm/student club events, night out with friends, etc.) 朋友聚會 （宿舍或學生社團活動、夜生活等等）",Never (0%) 從來不會,3.3,0.0,0.0,0,0.0,China,1,1,1,0,3
121,Female 女性,20,Local student 本地生,The Chinese University of Hong Kong (CUHK) 香港中文大學,Undergraduate student 本科生,2.0,Monthly or less 少於每月,1.0,Never 從來不會,Soju 燒酒,"Socialising with friends (dorm/student club events, night out with friends, etc.) 朋友聚會 （宿舍或學生社團活動、夜生活等等）",Never (0%) 從來不會,3.34,0.0,1.0,0,0.0,Hong Kong,1,1,0,0,2
122,Female 女性,22,Local student 本地生,The Chinese University of Hong Kong (CUHK) 香港中文大學,Undergraduate student 本科生,4.0,Never 從來不飲用,0.0,Never 從來不會,I don't consume alcoholic beverage 我不飲用含酒精的飲料,I don't consume alcoholic beverage 我不飲用含酒精的飲料,Never (0%) 從來不會,3.1,1.0,0.0,0,0.0,China,0,0,0,0,0
125,Male 男性,22,Non-local student 非本地生,The Chinese University of Hong Kong (CUHK) 香港中文大學,Undergraduate student 本科生,4.0,Monthly or less 少於每月,1.5,Never 從來不會,Vodka 伏特加,"Special events (birthdays, graduation, etc.) 特殊場合 （生日、畢業等等）",Occasionally (20%) 偶爾,3.0,1.0,1.0,1,6.0,Kazakhstan,1,1,0,1,3
128,Male 男性,21,Local student 本地生,The Chinese University of Hong Kong (CUHK) 香港中文大學,Undergraduate student 本科生,2.0,2-4 times a month 每月二至四次,1.0,Less than once per month 少於每月,Beer 啤酒,"Special events (birthdays, graduation, etc.) 特殊場合 （生日、畢業等等）;Socialising with friends (dorm/student club events, night out with friends, etc.) 朋友聚會 （宿舍或學生社團活動、夜生活等等）",Never (0%) 從來不會,2.9,1.0,0.0,1,0.0,Hong Kong,1,2,1,0,4
129,Female 女性,22,Local student 本地生,The Chinese University of Hong Kong (CUHK) 香港中文大學,Undergraduate student 本科生,4.0,Monthly or less 少於每月,0.03,Never 從來不會,Cocktail ,"I don't consume alcoholic beverage 我不飲用含酒精的飲料;Special events (birthdays, graduation, etc.) 特殊場合 （生日、畢業等等）",Never (0%) 從來不會,3.4,1.0,1.0,2,0.0,Hong Kong,1,1,0,0,2
130,Female 女性,21,Local student 本地生,The Chinese University of Hong Kong (CUHK) 香港中文大學,Undergraduate student 本科生,2.0,Monthly or less 少於每月,1.0,Less than once per month 少於每月,Whiskey 威士忌,"Special events (birthdays, graduation, etc.) 特殊場合 （生日、畢業等等）",Never (0%) 從來不會,3.2,0.0,0.0,0,0.0,Hong Kong,1,1,1,0,3
131,Female 女性,21,Non-local student 非本地生,The Chinese University of Hong Kong (CUHK) 香港中文大學,Undergraduate student 本科生,4.0,Monthly or less 少於每月,1.0,Never 從來不會,Beer 啤酒,Drinking alone 單獨飲酒,Never (0%) 從來不會,3.45,0.0,0.0,0,0.0,Taiwan,1,1,0,0,2
132,Female 女性,19,Local student 本地生,The Chinese University of Hong Kong (CUHK) 香港中文大學,Undergraduate student 本科生,2.0,Monthly or less 少於每月,1.0,Never 從來不會,水果酒,Family gatherings 家庭聚會,Never (0%) 從來不會,3.4,0.0,0.0,0,0.0,Hong Kong,1,1,0,0,2
133,Female 女性,20,Local student 本地生,The Chinese University of Hong Kong (CUHK) 香港中文大學,Undergraduate student 本科生,3.0,Never 從來不飲用,0.0,Never 從來不會,I don't consume alcoholic beverage 我不飲用含酒精的飲料,I don't consume alcoholic beverage 我不飲用含酒精的飲料,Never (0%) 從來不會,3.6,0.0,0.0,3,0.0,Hong Kong,0,0,0,0,0
135,Female 女性,20,Local student 本地生,The Chinese University of Hong Kong (CUHK) 香港中文大學,Undergraduate student 本科生,2.0,Never 從來不飲用,0.0,Never 從來不會,I don't consume alcoholic beverage 我不飲用含酒精的飲料,I don't consume alcoholic beverage 我不飲用含酒精的飲料,Never (0%) 從來不會,3.4,0.0,0.0,3,0.0,Hong Kong,0,0,0,0,0
138,Male 男性,20,Non-local student 非本地生,The Chinese University of Hong Kong (CUHK) 香港中文大學,Undergraduate student 本科生,4.0,2-4 times a month 每月二至四次,8.0,Weekly 每週,Soju 燒酒,"Special events (birthdays, graduation, etc.) 特殊場合 （生日、畢業等等）;Socialising with friends (dorm/student club events, night out with friends, etc.) 朋友聚會 （宿舍或學生社團活動、夜生活等等）;Drinking alone 單獨飲酒",Never (0%) 從來不會,3.4,1.0,0.0,1,1.0,Indonesia,4,2,3,0,9
139,Male 男性,20,Non-local student 非本地生,City University of Hong Kong (CityU) 香港城市大學,Undergraduate student 本科生,3.0,Monthly or less 少於每月,6.0,Monthly 每月,Vodka 伏特加,"Special events (birthdays, graduation, etc.) 特殊場合 （生日、畢業等等）;Socialising with friends (dorm/student club events, night out with friends, etc.) 朋友聚會 （宿舍或學生社團活動、夜生活等等）",Never (0%) 從來不會,3.55,1.0,1.0,3,0.0,Indonesia,3,1,2,0,6
140,Male 男性,21,Non-local student 非本地生,The Chinese University of Hong Kong (CUHK) 香港中文大學,Undergraduate student 本科生,4.0,Monthly or less 少於每月,2.0,Less than once per month 少於每月,Soju 燒酒,"Special events (birthdays, graduation, etc.) 特殊場合 （生日、畢業等等）;Networking or career-related events 社交或工作相關的場合;Family gatherings 家庭聚會;Socialising with friends (dorm/student club events, night out with friends, etc.) 朋友聚會 （宿舍或學生社團活動、夜生活等等）",Never (0%) 從來不會,3.65,1.0,1.0,7,0.0,Indonesia,1,1,1,0,3
142,Female 女性,20,Non-local student 非本地生,The Hong Kong University of Science and Technology (HKUST) 香港科技大學,Undergraduate student 本科生,4.0,Monthly or less 少於每月,2.0,Never 從來不會,Beer 啤酒,"Special events (birthdays, graduation, etc.) 特殊場合 （生日、畢業等等）;Family gatherings 家庭聚會;Socialising with friends (dorm/student club events, night out with friends, etc.) 朋友聚會 （宿舍或學生社團活動、夜生活等等）",Never (0%) 從來不會,3.9,1.0,1.0,8,0.0,Indonesia,1,1,0,0,2
145,Male 男性,21,Non-local student 非本地生,The Hong Kong University of Science and Technology (HKUST) 香港科技大學,Undergraduate student 本科生,4.0,2-4 times a month 每月二至四次,1.0,Less than once per month 少於每月,Soju 燒酒,"Special events (birthdays, graduation, etc.) 特殊場合 （生日、畢業等等）",Never (0%) 從來不會,3.0,1.0,1.0,1,0.0,Indonesia,1,2,1,0,4
146,Male 男性,21,Non-local student 非本地生,The Hong Kong University of Science and Technology (HKUST) 香港科技大學,Undergraduate student 本科生,4.0,2-4 times a month 每月二至四次,0.5,Never 從來不會,Soju 燒酒,at home with gf,Never (0%) 從來不會,3.4,1.0,1.0,1,0.0,Malaysia,1,2,0,0,3
148,Male 男性,22,Local student 本地生,The Chinese University of Hong Kong (CUHK) 香港中文大學,Undergraduate student 本科生,4.0,2-4 times a month 每月二至四次,6.0,Monthly 每月,Beer 啤酒,"Special events (birthdays, graduation, etc.) 特殊場合 （生日、畢業等等）;Socialising with friends (dorm/student club events, night out with friends, etc.) 朋友聚會 （宿舍或學生社團活動、夜生活等等）",Occasionally (20%) 偶爾,2.7,1.0,1.0,0,0.0,Hong Kong,3,2,2,1,8
153,Female 女性,26,Local student 本地生,The Chinese University of Hong Kong (CUHK) 香港中文大學,Undergraduate student 本科生,4.0,Never 從來不飲用,0.0,Never 從來不會,I don't consume alcoholic beverage 我不飲用含酒精的飲料,Networking or career-related events 社交或工作相關的場合,Never (0%) 從來不會,3.0,0.0,0.0,0,0.0,Hong Kong,0,0,0,0,0
154,Female 女性,21,Non-local student 非本地生,The Chinese University of Hong Kong (CUHK) 香港中文大學,Undergraduate student 本科生,4.0,Monthly or less 少於每月,5.0,Never 從來不會,Beer 啤酒,"Socialising with friends (dorm/student club events, night out with friends, etc.) 朋友聚會 （宿舍或學生社團活動、夜生活等等）;Drinking alone 單獨飲酒",Never (0%) 從來不會,3.0,1.0,1.0,0,0.0,"Korea, South",3,1,0,0,4
155,Female 女性,20,Local student 本地生,The Education University of Hong Kong (EduU) 香港教育大學,Undergraduate student 本科生,3.0,2-4 times a month 每月二至四次,5.0,Monthly 每月,Whiskey 威士忌,"Special events (birthdays, graduation, etc.) 特殊場合 （生日、畢業等等）;Family gatherings 家庭聚會;Socialising with friends (dorm/student club events, night out with friends, etc.) 朋友聚會 （宿舍或學生社團活動、夜生活等等）",Never (0%) 從來不會,3.102,1.0,0.0,1,0.0,Hong Kong,3,2,2,0,7
156,Male 男性,20,Local student 本地生,The Hong Kong Polytechnic University (PolyU) 香港理工大學,Undergraduate student 本科生,2.0,2-3 times a week 每週二至三次,5.0,Weekly 每週,Beer 啤酒,"Networking or career-related events 社交或工作相關的場合;Socialising with friends (dorm/student club events, night out with friends, etc.) 朋友聚會 （宿舍或學生社團活動、夜生活等等）;Drinking alone 單獨飲酒",Occasionally (20%) 偶爾,3.15,1.0,0.0,0,0.0,Hong Kong,3,3,3,1,10
157,Female 女性,19,Local student 本地生,The University of Hong Kong (HKU) 香港大學,Undergraduate student 本科生,2.0,2-4 times a month 每月二至四次,3.0,Less than once per month 少於每月,Beer 啤酒,"Special events (birthdays, graduation, etc.) 特殊場合 （生日、畢業等等）;Socialising with friends (dorm/student club events, night out with friends, etc.) 朋友聚會 （宿舍或學生社團活動、夜生活等等）",Never (0%) 從來不會,3.55,1.0,0.0,1,0.0,Hong Kong,2,2,1,0,5
158,Male 男性,20,Local student 本地生,The Hong Kong University of Science and Technology (HKUST) 香港科技大學,Undergraduate student 本科生,3.0,4 or more times a week 每週四次以上,6.0,Weekly 每週,Beer 啤酒,"Socialising with friends (dorm/student club events, night out with friends, etc.) 朋友聚會 （宿舍或學生社團活動、夜生活等等）",Often (60%) 經常,2.83,1.0,1.0,0,0.0,Hong Kong,3,4,3,3,13
159,Male 男性,22,Local student 本地生,The Hong Kong Polytechnic University (PolyU) 香港理工大學,Undergraduate student 本科生,3.0,2-4 times a month 每月二至四次,5.0,Monthly 每月,Soju 燒酒,"Special events (birthdays, graduation, etc.) 特殊場合 （生日、畢業等等）;Networking or career-related events 社交或工作相關的場合;Socialising with friends (dorm/student club events, night out with friends, etc.) 朋友聚會 （宿舍或學生社團活動、夜生活等等）",Never (0%) 從來不會,3.001,1.0,0.0,0,0.0,Hong Kong,3,2,2,0,7
160,Male 男性,21,Local student 本地生,The Hong Kong University of Science and Technology (HKUST) 香港科技大學,Undergraduate student 本科生,3.0,Monthly or less 少於每月,1.0,Less than once per month 少於每月,Beer 啤酒,"Special events (birthdays, graduation, etc.) 特殊場合 （生日、畢業等等）",Never (0%) 從來不會,3.8,1.0,1.0,3,0.0,Hong Kong,1,1,1,0,3
161,Female 女性,20,Local student 本地生,The University of Hong Kong (HKU) 香港大學,Undergraduate student 本科生,3.0,2-4 times a month 每月二至四次,5.0,Never 從來不會,Beer 啤酒,"Special events (birthdays, graduation, etc.) 特殊場合 （生日、畢業等等）;Networking or career-related events 社交或工作相關的場合",Sometimes (40%) 有時,2.8,0.0,0.0,0,0.0,Hong Kong,3,2,0,2,7
162,Female 女性,20,Local student 本地生,The University of Hong Kong (HKU) 香港大學,Undergraduate student 本科生,3.0,2-4 times a month 每月二至四次,5.0,Never 從來不會,Beer 啤酒,"Special events (birthdays, graduation, etc.) 特殊場合 （生日、畢業等等）;Networking or career-related events 社交或工作相關的場合",Sometimes (40%) 有時,2.8,0.0,0.0,0,0.0,Hong Kong,3,2,0,2,7
163,Female 女性,20,Local student 本地生,City University of Hong Kong (CityU) 香港城市大學,Undergraduate student 本科生,3.0,2-4 times a month 每月二至四次,3.0,Less than once per month 少於每月,Soju 燒酒,"Socialising with friends (dorm/student club events, night out with friends, etc.) 朋友聚會 （宿舍或學生社團活動、夜生活等等）",Never (0%) 從來不會,3.67,1.0,0.0,3,0.0,Hong Kong,2,2,1,0,5
164,Male 男性,22,Local student 本地生,The University of Hong Kong (HKU) 香港大學,Undergraduate student 本科生,4.0,2-4 times a month 每月二至四次,8.0,Monthly 每月,Spirits 烈酒,"Special events (birthdays, graduation, etc.) 特殊場合 （生日、畢業等等）;Networking or career-related events 社交或工作相關的場合;Socialising with friends (dorm/student club events, night out with friends, etc.) 朋友聚會 （宿舍或學生社團活動、夜生活等等）",Never (0%) 從來不會,3.25,1.0,0.0,0,0.0,Hong Kong,4,2,2,0,8
165,Male 男性,19,Local student 本地生,The Hong Kong Polytechnic University (PolyU) 香港理工大學,Undergraduate student 本科生,2.0,Never 從來不飲用,0.0,Never 從來不會,I don't consume alcoholic beverage 我不飲用含酒精的飲料,I don't consume alcoholic beverage 我不飲用含酒精的飲料,Never (0%) 從來不會,3.7,1.0,0.0,0,1.0,Hong Kong,0,0,0,0,0
166,Female 女性,20,Local student 本地生,The University of Hong Kong (HKU) 香港大學,Undergraduate student 本科生,3.0,Monthly or less 少於每月,2.0,Less than once per month 少於每月,Beer 啤酒,Networking or career-related events 社交或工作相關的場合,Never (0%) 從來不會,3.612,1.0,1.0,2,0.0,Hong Kong,1,1,1,0,3
167,Female 女性,22,Local student 本地生,The Chinese University of Hong Kong (CUHK) 香港中文大學,Undergraduate student 本科生,4.0,2-4 times a month 每月二至四次,6.0,Monthly 每月,Vodka 伏特加,"Special events (birthdays, graduation, etc.) 特殊場合 （生日、畢業等等）;Family gatherings 家庭聚會;Socialising with friends (dorm/student club events, night out with friends, etc.) 朋友聚會 （宿舍或學生社團活動、夜生活等等）",Occasionally (20%) 偶爾,2.891,1.0,0.0,1,0.0,Hong Kong,3,2,2,1,8
168,Male 男性,20,Local student 本地生,City University of Hong Kong (CityU) 香港城市大學,Undergraduate student 本科生,2.0,2-4 times a month 每月二至四次,3.0,Less than once per month 少於每月,Beer 啤酒,"Socialising with friends (dorm/student club events, night out with friends, etc.) 朋友聚會 （宿舍或學生社團活動、夜生活等等）",Never (0%) 從來不會,3.7,1.0,0.0,4,0.0,Hong Kong,2,2,1,0,5
169,Male 男性,22,Non-local student 非本地生,The Hong Kong University of Science and Technology (HKUST) 香港科技大學,Undergraduate student 本科生,3.0,Never 從來不飲用,0.0,Never 從來不會,I don't consume alcoholic beverage 我不飲用含酒精的飲料,I don't consume alcoholic beverage 我不飲用含酒精的飲料,Never (0%) 從來不會,3.9,1.0,1.0,5,2.0,Thailand,0,0,0,0,0
170,Female 女性,20,Local student 本地生,The Hong Kong University of Science and Technology (HKUST) 香港科技大學,Undergraduate student 本科生,3.0,2-4 times a month 每月二至四次,6.0,Monthly 每月,Vodka 伏特加,"Special events (birthdays, graduation, etc.) 特殊場合 （生日、畢業等等）;Networking or career-related events 社交或工作相關的場合;Family gatherings 家庭聚會;Socialising with friends (dorm/student club events, night out with friends, etc.) 朋友聚會 （宿舍或學生社團活動、夜生活等等）",Occasionally (20%) 偶爾,2.817,1.0,0.0,1,0.0,Hong Kong,3,2,2,1,8
171,Female 女性,21,Local student 本地生,The University of Hong Kong (HKU) 香港大學,Undergraduate student 本科生,3.0,2-4 times a month 每月二至四次,3.0,Less than once per month 少於每月,Beer 啤酒,"Special events (birthdays, graduation, etc.) 特殊場合 （生日、畢業等等）;Socialising with friends (dorm/student club events, night out with friends, etc.) 朋友聚會 （宿舍或學生社團活動、夜生活等等）",Never (0%) 從來不會,3.58,0.0,0.0,2,0.0,Hong Kong,2,2,1,0,5
172,Male 男性,22,Local student 本地生,The Chinese University of Hong Kong (CUHK) 香港中文大學,Undergraduate student 本科生,4.0,Monthly or less 少於每月,3.0,Monthly 每月,Beer 啤酒,"Special events (birthdays, graduation, etc.) 特殊場合 （生日、畢業等等）",Never (0%) 從來不會,3.891,1.0,1.0,3,0.0,Hong Kong,2,1,2,0,5
173,Male 男性,21,Local student 本地生,The Hong Kong University of Science and Technology (HKUST) 香港科技大學,Undergraduate student 本科生,3.0,Monthly or less 少於每月,3.0,Less than once per month 少於每月,Soju 燒酒,"Socialising with friends (dorm/student club events, night out with friends, etc.) 朋友聚會 （宿舍或學生社團活動、夜生活等等）",Never (0%) 從來不會,3.68,1.0,0.0,6,0.0,Hong Kong,2,1,1,0,4
174,Female 女性,22,Local student 本地生,The University of Hong Kong (HKU) 香港大學,Undergraduate student 本科生,4.0,Never 從來不飲用,0.0,Never 從來不會,I don't consume alcoholic beverage 我不飲用含酒精的飲料,I don't consume alcoholic beverage 我不飲用含酒精的飲料,Never (0%) 從來不會,3.9,1.0,1.0,2,1.0,Hong Kong,0,0,0,0,0
175,Female 女性,18,Local student 本地生,The University of Hong Kong (HKU) 香港大學,Undergraduate student 本科生,1.0,Never 從來不飲用,0.0,Never 從來不會,I don't consume alcoholic beverage 我不飲用含酒精的飲料,I don't consume alcoholic beverage 我不飲用含酒精的飲料,Never (0%) 從來不會,3.89,1.0,0.0,1,1.0,Hong Kong,0,0,0,0,0
176,Female 女性,22,Local student 本地生,The University of Hong Kong (HKU) 香港大學,Undergraduate student 本科生,4.0,Never 從來不飲用,0.0,Never 從來不會,I don't consume alcoholic beverage 我不飲用含酒精的飲料,I don't consume alcoholic beverage 我不飲用含酒精的飲料,Never (0%) 從來不會,3.69,0.0,1.0,0,1.0,Hong Kong,0,0,0,0,0
177,Male 男性,19,Local student 本地生,The Education University of Hong Kong (EduU) 香港教育大學,Undergraduate student 本科生,2.0,2-3 times a week 每週二至三次,4.0,Less than once per month 少於每月,Soju 燒酒,"Special events (birthdays, graduation, etc.) 特殊場合 （生日、畢業等等）;Networking or career-related events 社交或工作相關的場合;Family gatherings 家庭聚會",Never (0%) 從來不會,3.04,0.0,0.0,0,0.0,Hong Kong,2,3,1,0,6
178,Male 男性,20,Local student 本地生,The Education University of Hong Kong (EduU) 香港教育大學,Undergraduate student 本科生,3.0,2-4 times a month 每月二至四次,4.5,Less than once per month 少於每月,Beer 啤酒,"Family gatherings 家庭聚會;Socialising with friends (dorm/student club events, night out with friends, etc.) 朋友聚會 （宿舍或學生社團活動、夜生活等等）",Occasionally (20%) 偶爾,3.16,0.0,0.0,1,0.0,Hong Kong,3,2,1,1,7
179,Male 男性,21,Non-local student 非本地生,The University of Hong Kong (HKU) 香港大學,Undergraduate student 本科生,4.0,2-3 times a week 每週二至三次,5.0,Monthly 每月,Soju 燒酒,"Special events (birthdays, graduation, etc.) 特殊場合 （生日、畢業等等）;Socialising with friends (dorm/student club events, night out with friends, etc.) 朋友聚會 （宿舍或學生社團活動、夜生活等等）",Occasionally (20%) 偶爾,3.1,0.0,0.0,0,0.0,"Korea, South",3,3,2,1,9
180,Male 男性,18,Local student 本地生,Lingnan University 嶺南大學,Undergraduate student 本科生,1.0,Monthly or less 少於每月,2.2,Less than once per month 少於每月,Whiskey 威士忌,"Special events (birthdays, graduation, etc.) 特殊場合 （生日、畢業等等）;Socialising with friends (dorm/student club events, night out with friends, etc.) 朋友聚會 （宿舍或學生社團活動、夜生活等等）",Never (0%) 從來不會,3.02,0.0,0.0,0,0.0,Hong Kong,2,1,1,0,4
181,Male 男性,20,Non-local student 非本地生,The University of Hong Kong (HKU) 香港大學,Undergraduate student 本科生,3.0,2-3 times a week 每週二至三次,8.0,Weekly 每週,Soju 燒酒,"Special events (birthdays, graduation, etc.) 特殊場合 （生日、畢業等等）;Socialising with friends (dorm/student club events, night out with friends, etc.) 朋友聚會 （宿舍或學生社團活動、夜生活等等）",Occasionally (20%) 偶爾,3.05,0.0,0.0,0,0.0,"Korea, South",4,3,3,1,11
182,Male 男性,21,Non-local student 非本地生,The University of Hong Kong (HKU) 香港大學,Undergraduate student 本科生,3.0,2-3 times a week 每週二至三次,8.0,Weekly 每週,Soju 燒酒,"Socialising with friends (dorm/student club events, night out with friends, etc.) 朋友聚會 （宿舍或學生社團活動、夜生活等等）",Occasionally (20%) 偶爾,2.8,0.0,0.0,0,0.0,"Korea, South",4,3,3,1,11
183,Male 男性,21,Non-local student 非本地生,The Hong Kong University of Science and Technology (HKUST) 香港科技大學,Undergraduate student 本科生,4.0,2-4 times a month 每月二至四次,8.0,Weekly 每週,Spirits 烈酒,"Socialising with friends (dorm/student club events, night out with friends, etc.) 朋友聚會 （宿舍或學生社團活動、夜生活等等）",Never (0%) 從來不會,2.9,1.0,1.0,0,0.0,India,4,2,3,0,9
184,Female 女性,21,Non-local student 非本地生,The Chinese University of Hong Kong (CUHK) 香港中文大學,Undergraduate student 本科生,4.0,2-4 times a month 每月二至四次,6.0,Monthly 每月,Spirits 烈酒,"Special events (birthdays, graduation, etc.) 特殊場合 （生日、畢業等等）;Socialising with friends (dorm/student club events, night out with friends, etc.) 朋友聚會 （宿舍或學生社團活動、夜生活等等）",Never (0%) 從來不會,3.2,0.0,0.0,0,0.0,United States,3,2,2,0,7
185,Female 女性,21,Non-local student 非本地生,The Chinese University of Hong Kong (CUHK) 香港中文大學,Undergraduate student 本科生,4.0,2-4 times a month 每月二至四次,3.0,Less than once per month 少於每月,Soju 燒酒,"Special events (birthdays, graduation, etc.) 特殊場合 （生日、畢業等等）;Socialising with friends (dorm/student club events, night out with friends, etc.) 朋友聚會 （宿舍或學生社團活動、夜生活等等）",Never (0%) 從來不會,3.45,0.0,0.0,0,0.0,"Korea, South",2,2,1,0,5
186,Female 女性,20,Non-local student 非本地生,The Hong Kong University of Science and Technology (HKUST) 香港科技大學,Undergraduate student 本科生,3.0,2-4 times a month 每月二至四次,5.0,Monthly 每月,Soju 燒酒,"Socialising with friends (dorm/student club events, night out with friends, etc.) 朋友聚會 （宿舍或學生社團活動、夜生活等等）",Never (0%) 從來不會,2.9,1.0,0.0,0,0.0,"Korea, South",3,2,2,0,7
187,Female 女性,21,Local student 本地生,The University of Hong Kong (HKU) 香港大學,Undergraduate student 本科生,4.0,2-3 times a week 每週二至三次,4.0,Weekly 每週,Soju 燒酒,"Socialising with friends (dorm/student club events, night out with friends, etc.) 朋友聚會 （宿舍或學生社團活動、夜生活等等）",Never (0%) 從來不會,3.5,1.0,1.0,1,0.0,"Korea, South",2,3,3,0,8
188,Male 男性,22,Non-local student 非本地生,City University of Hong Kong (CityU) 香港城市大學,Undergraduate student 本科生,4.0,2-3 times a week 每週二至三次,7.0,Weekly 每週,Soju 燒酒,"Socialising with friends (dorm/student club events, night out with friends, etc.) 朋友聚會 （宿舍或學生社團活動、夜生活等等）",Occasionally (20%) 偶爾,3.3,1.0,0.0,1,0.0,"Korea, South",4,3,3,1,11
189,Male 男性,21,Non-local student 非本地生,City University of Hong Kong (CityU) 香港城市大學,Undergraduate student 本科生,4.0,Never 從來不飲用,0.0,Never 從來不會,I don't consume alcoholic beverage 我不飲用含酒精的飲料,I don't consume alcoholic beverage 我不飲用含酒精的飲料,Never (0%) 從來不會,3.2,0.0,0.0,0,0.0,India,0,0,0,0,0
190,Female 女性,20,Non-local student 非本地生,The University of Hong Kong (HKU) 香港大學,Undergraduate student 本科生,3.0,Never 從來不飲用,0.0,Never 從來不會,I don't consume alcoholic beverage 我不飲用含酒精的飲料,I don't consume alcoholic beverage 我不飲用含酒精的飲料,Never (0%) 從來不會,3.3,1.0,0.0,0,0.0,India,0,0,0,0,0
191,Male 男性,21,Non-local student 非本地生,City University of Hong Kong (CityU) 香港城市大學,Undergraduate student 本科生,4.0,Never 從來不飲用,0.0,Never 從來不會,I don't consume alcoholic beverage 我不飲用含酒精的飲料,I don't consume alcoholic beverage 我不飲用含酒精的飲料,Never (0%) 從來不會,3.23,1.0,1.0,0,0.0,Thailand,0,0,0,0,0
192,Male 男性,21,Non-local student 非本地生,The Chinese University of Hong Kong (CUHK) 香港中文大學,Undergraduate student 本科生,3.0,Never 從來不飲用,0.0,Never 從來不會,I don't consume alcoholic beverage 我不飲用含酒精的飲料,I don't consume alcoholic beverage 我不飲用含酒精的飲料,Never (0%) 從來不會,3.147,0.0,0.0,0,0.0,China,0,0,0,0,0
193,Female 女性,22,Local student 本地生,The Chinese University of Hong Kong (CUHK) 香港中文大學,Undergraduate student 本科生,3.0,Never 從來不飲用,0.0,Never 從來不會,I don't consume alcoholic beverage 我不飲用含酒精的飲料,I don't consume alcoholic beverage 我不飲用含酒精的飲料,Never (0%) 從來不會,3.129,0.0,0.0,0,0.0,Thailand,0,0,0,0,0
194,Male 男性,21,Non-local student 非本地生,The Hong Kong Polytechnic University (PolyU) 香港理工大學,Undergraduate student 本科生,3.0,Never 從來不飲用,0.0,Never 從來不會,I don't consume alcoholic beverage 我不飲用含酒精的飲料,I don't consume alcoholic beverage 我不飲用含酒精的飲料,Never (0%) 從來不會,3.3,1.0,0.0,0,0.0,Thailand,0,0,0,0,0
195,Male 男性,20,Non-local student 非本地生,The Hong Kong University of Science and Technology (HKUST) 香港科技大學,Undergraduate student 本科生,3.0,Never 從來不飲用,0.0,Daily or almost daily 每天或幾乎每天,I don't consume alcoholic beverage 我不飲用含酒精的飲料,I don't consume alcoholic beverage 我不飲用含酒精的飲料,Never (0%) 從來不會,3.26,1.0,1.0,1,0.0,India,0,0,4,0,4
196,Male 男性,21,Non-local student 非本地生,The Hong Kong Polytechnic University (PolyU) 香港理工大學,Undergraduate student 本科生,2.0,Never 從來不飲用,0.0,Never 從來不會,I don't consume alcoholic beverage 我不飲用含酒精的飲料,I don't consume alcoholic beverage 我不飲用含酒精的飲料,Never (0%) 從來不會,3.35,1.0,0.0,1,0.0,"Korea, South",0,0,0,0,0
