"Timestamp","1. Gender 性別","2. Age 年齡","3. Are you a local or non-local student? 您是本地生還是非本地生？","4. Nationality 國籍","5. University 大學","6. Are you an undergraduate or postgraduate student? 您是本科生還是研究生？","7. Year of Study 修學年","1. How often do you have a drink containing alcohol? 您飲用含有酒精飲料的頻率為？","2. When drinking, how many ""standard drinks"" containing alcohol do you typically consume (in one occasion)? 您一次通常飲用多少杯含酒精的「標準杯」？","3. How often do you have six or more ""standard drinks"" on one occasion? (Use previous question as reference for servings) 您一次飲用「標準杯」六杯以上的頻率為？（請以上一題的說明作為參考）","4. What kind of alcoholic beverage do you typically consume? 您通常飲用何種酒精飲料？","5. On what occasion do you usually consume alcohol beverage? 您通常在什麼場合飲用酒精飲料？","6. Based on the text below, what is your favorite cuisine? (Please read the description) 根據下列選項，您最喜歡的食物是？（請閱讀說明）","7. On average, how often do you drink alcoholic beverages before examinations or other important academic events? 平均來說，您在考試或重要學術活動之前飲用酒精飲料的頻率為？","1. Cumulative GPA (out of 4.00) 累計成績平均積點","2. Have you joined any student clubs / organisations / student union throughout your university years? 您在大學期間有無參加任何學生社團、組織或學生會？","3. Have you served as an Executive Committee for a student club / organisation / student union throughout your university years? 您在大學期間有無擔任過學生社團、組織或學生會的執行委員？","4. If any, how many academic achievements have you attained throughout your university years? 您在大學期間總共取得過多少個學術成就？","5. If any, how many professional examinations have you passed throughout your university years? 您在大學期間通過多少個專業考試？",""
"2021/07/31 8:24:22 PM GMT+8","Male 男性","21","Non-local student 非本地生","","The Chinese University of Hong Kong (CUHK) 香港中文大學","Undergraduate student 本科生","4 or above 四年級以上","Monthly or less 少於一個月","5","Less than once per month 少於一個月","Soju 燒酒","Special events (birthdays, graduation, etc.) 特殊場合 （生日、畢業等等）;Socialising with friends (dorm/student club events, night out with friends, etc.) 朋友聚會 （宿舍或學生社團活動、夜生活等等）","Chinese 中式","Never (0%) 從來不會","3.7","Yes 有","Yes 有","10","0","Malaysian 馬來西亞"
"2021/07/31 10:07:11 PM GMT+8","Male 男性","20","Non-local student 非本地生","","The Chinese University of Hong Kong (CUHK) 香港中文大學","Undergraduate student 本科生","4 or above 四年級以上","Monthly or less 少於每月","7","Less than once per month 少於每月","Soju 燒酒","Special events (birthdays, graduation, etc.) 特殊場合 （生日、畢業等等）;Socialising with friends (dorm/student club events, night out with friends, etc.) 朋友聚會 （宿舍或學生社團活動、夜生活等等）","Italian 義式","Never (0%) 從來不會","3.67","Yes 有","Yes 有","6","0","Philippine 菲律賓"
"2021/07/31 10:15:24 PM GMT+8","Male 男性","21","Non-local student 非本地生","","The Chinese University of Hong Kong (CUHK) 香港中文大學","Undergraduate student 本科生","4 or above 四年級以上","2-4 times a month 每月二至四次","3","Less than once per month 少於每月","Soju 燒酒","Special events (birthdays, graduation, etc.) 特殊場合 （生日、畢業等等）;Socialising with friends (dorm/student club events, night out with friends, etc.) 朋友聚會 （宿舍或學生社團活動、夜生活等等）","Italian 義式","Never (0%) 從來不會","3.33","Yes 有","Yes 有","5","0","Indonesian 印尼"
"2021/07/31 11:35:53 PM GMT+8","Female 女性","22","Non-local student 非本地生","","The Chinese University of Hong Kong (CUHK) 香港中文大學","Undergraduate student 本科生","4 or above 四年級以上","Monthly or less 少於每月","1","Never 從來不會","Soju 燒酒","Special events (birthdays, graduation, etc.) 特殊場合 （生日、畢業等等）;Family gatherings 家庭聚會;Socialising with friends (dorm/student club events, night out with friends, etc.) 朋友聚會 （宿舍或學生社團活動、夜生活等等）","Japanese 日式","Never (0%) 從來不會","3.41","Yes 有","Yes 有","0","0","Indonesian 印尼"
"2021/08/01 11:33:02 AM GMT+8","Male 男性","21","Non-local student 非本地生","Indonesia","The Chinese University of Hong Kong (CUHK) 香港中文大學","Undergraduate student 本科生","4 or above 四年級以上","2-4 times a month 每月二至四次","2","Less than once per month 少於每月","Soju 燒酒","Special events (birthdays, graduation, etc.) 特殊場合 （生日、畢業等等）;Socialising with friends (dorm/student club events, night out with friends, etc.) 朋友聚會 （宿舍或學生社團活動、夜生活等等）","Italian 義式","Never (0%) 從來不會","3.55","Yes 有","No 沒有","4","0",""
"2021/08/01 11:36:05 AM GMT+8","Female 女性","21","Non-local student 非本地生","Indonesia","The Chinese University of Hong Kong (CUHK) 香港中文大學","Undergraduate student 本科生","4 or above 四年級以上","2-4 times a month 每月二至四次","3","Less than once per month 少於每月","Cocktails","Special events (birthdays, graduation, etc.) 特殊場合 （生日、畢業等等）;Socialising with friends (dorm/student club events, night out with friends, etc.) 朋友聚會 （宿舍或學生社團活動、夜生活等等）","Italian 義式","Never (0%) 從來不會","3.5","Yes 有","No 沒有","6","0",""
"2021/08/01 1:10:17 PM GMT+8","Male 男性","20","Non-local student 非本地生","Taiwan","The Chinese University of Hong Kong (CUHK) 香港中文大學","Undergraduate student 本科生","4 or above 四年級以上","2-3 times a week 每週二至三次","3","Weekly 每週","Whiskey 威士忌","Special events (birthdays, graduation, etc.) 特殊場合 （生日、畢業等等）;Networking or career-related events 社交或工作相關的場合;Family gatherings 家庭聚會;Socialising with friends (dorm/student club events, night out with friends, etc.) 朋友聚會 （宿舍或學生社團活動、夜生活等等）;Drinking alone 單獨飲酒","Italian 義式","Occasionally (20%) 偶爾","3.6","Yes 有","No 沒有","2","0",""
"2021/08/01 1:12:37 PM GMT+8","Female 女性","20","Non-local student 非本地生","Taiwan","The Chinese University of Hong Kong (CUHK) 香港中文大學","Undergraduate student 本科生","4 or above 四年級以上","2-4 times a month 每月二至四次","1.5","Never 從來不會","Beer 啤酒","Special events (birthdays, graduation, etc.) 特殊場合 （生日、畢業等等）;Networking or career-related events 社交或工作相關的場合;Family gatherings 家庭聚會;Socialising with friends (dorm/student club events, night out with friends, etc.) 朋友聚會 （宿舍或學生社團活動、夜生活等等）;Drinking alone 單獨飲酒","Italian 義式","Never (0%) 從來不會","3.54","Yes 有","No 沒有","2","0",""
"2021/08/01 5:42:09 PM GMT+8","Male 男性","20","Non-local student 非本地生","Taiwan","The Chinese University of Hong Kong (CUHK) 香港中文大學","Undergraduate student 本科生","4 or above 四年級以上","2-3 times a week 每週二至三次","3","Weekly 每週","Whiskey 威士忌","Special events (birthdays, graduation, etc.) 特殊場合 （生日、畢業等等）;Networking or career-related events 社交或工作相關的場合;Family gatherings 家庭聚會;Socialising with friends (dorm/student club events, night out with friends, etc.) 朋友聚會 （宿舍或學生社團活動、夜生活等等）;Drinking alone 單獨飲酒","Italian 義式","Occasionally (20%) 偶爾","3.6","Yes 有","No 沒有","2","0",""
"2021/08/01 5:42:27 PM GMT+8","Male 男性","20","Non-local student 非本地生","Taiwan","The Chinese University of Hong Kong (CUHK) 香港中文大學","Undergraduate student 本科生","4 or above 四年級以上","2-3 times a week 每週二至三次","3","Weekly 每週","Whiskey 威士忌","Special events (birthdays, graduation, etc.) 特殊場合 （生日、畢業等等）;Networking or career-related events 社交或工作相關的場合;Family gatherings 家庭聚會;Socialising with friends (dorm/student club events, night out with friends, etc.) 朋友聚會 （宿舍或學生社團活動、夜生活等等）;Drinking alone 單獨飲酒","Italian 義式","Occasionally (20%) 偶爾","3.6","Yes 有","No 沒有","2","0",""
"2021/08/03 12:28:18 AM GMT+8","Male 男性","21","Non-local student 非本地生","Indonesia","The Chinese University of Hong Kong (CUHK) 香港中文大學","Undergraduate student 本科生","4 or above 四年級以上","Monthly or less 少於每月","15","Less than once per month 少於每月","Whiskey 威士忌","Family gatherings 家庭聚會","Italian 義式","Never (0%) 從來不會","3.6","Yes 有","No 沒有","1","0",""
"2021/08/03 12:52:44 AM GMT+8","Male 男性","21","Non-local student 非本地生","Indonesia","The Chinese University of Hong Kong (CUHK) 香港中文大學","Undergraduate student 本科生","3","Monthly or less 少於每月","3","Less than once per month 少於每月","Beer 啤酒","Special events (birthdays, graduation, etc.) 特殊場合 （生日、畢業等等）;Socialising with friends (dorm/student club events, night out with friends, etc.) 朋友聚會 （宿舍或學生社團活動、夜生活等等）","Italian 義式","Never (0%) 從來不會","3.71","Yes 有","Yes 有","7","0",""
"2021/08/03 12:52:54 AM GMT+8","Male 男性","20","Non-local student 非本地生","Indonesia","The Chinese University of Hong Kong (CUHK) 香港中文大學","Undergraduate student 本科生","3","2-4 times a month 每月二至四次","10","Monthly 每月","Soju 燒酒","Special events (birthdays, graduation, etc.) 特殊場合 （生日、畢業等等）;Networking or career-related events 社交或工作相關的場合;Socialising with friends (dorm/student club events, night out with friends, etc.) 朋友聚會 （宿舍或學生社團活動、夜生活等等）;Drinking alone 單獨飲酒","Italian 義式","Occasionally (20%) 偶爾","3.27","No 沒有","No 沒有","0","0",""
"2021/08/03 12:53:22 AM GMT+8","Female 女性","21","Non-local student 非本地生","Indonesia","The Chinese University of Hong Kong (CUHK) 香港中文大學","Undergraduate student 本科生","2","2-4 times a month 每月二至四次","2","Never 從來不會","Soju 燒酒","Special events (birthdays, graduation, etc.) 特殊場合 （生日、畢業等等）;Socialising with friends (dorm/student club events, night out with friends, etc.) 朋友聚會 （宿舍或學生社團活動、夜生活等等）","Italian 義式","Occasionally (20%) 偶爾","3.42","Yes 有","Yes 有","0","0",""
"2021/08/03 12:53:29 AM GMT+8","Prefer not to say 不方便透露","20","Non-local student 非本地生","Indonesia","The Chinese University of Hong Kong (CUHK) 香港中文大學","Undergraduate student 本科生","3","Monthly or less 少於每月","12","Less than once per month 少於每月","Soju 燒酒","Special events (birthdays, graduation, etc.) 特殊場合 （生日、畢業等等）;Socialising with friends (dorm/student club events, night out with friends, etc.) 朋友聚會 （宿舍或學生社團活動、夜生活等等）","Italian 義式","Never (0%) 從來不會","3.4","Yes 有","Yes 有","0","0",""
"2021/08/03 12:53:42 AM GMT+8","Female 女性","21","Non-local student 非本地生","Indonesia","The Chinese University of Hong Kong (CUHK) 香港中文大學","Undergraduate student 本科生","4 or above 四年級以上","Monthly or less 少於每月","2","Never 從來不會","Beer 啤酒","Special events (birthdays, graduation, etc.) 特殊場合 （生日、畢業等等）;Socialising with friends (dorm/student club events, night out with friends, etc.) 朋友聚會 （宿舍或學生社團活動、夜生活等等）","Italian 義式","Occasionally (20%) 偶爾","3.4","Yes 有","Yes 有","4","0",""
"2021/08/03 9:52:49 AM GMT+8","Male 男性","19","Non-local student 非本地生","Indonesia","The Chinese University of Hong Kong (CUHK) 香港中文大學","Undergraduate student 本科生","2","Monthly or less 少於每月","3","Less than once per month 少於每月","Beer 啤酒","Special events (birthdays, graduation, etc.) 特殊場合 （生日、畢業等等）;Socialising with friends (dorm/student club events, night out with friends, etc.) 朋友聚會 （宿舍或學生社團活動、夜生活等等）","Italian 義式","Occasionally (20%) 偶爾","3.5","Yes 有","Yes 有","2","0",""
"2021/08/03 11:39:48 PM GMT+8","Female 女性","22","Local student 本地生","China","City University of Hong Kong (CityU) 香港城市大學","Undergraduate student 本科生","4 or above 四年級以上","2-4 times a month 每月二至四次","5","Monthly 每月","Whiskey 威士忌","Special events (birthdays, graduation, etc.) 特殊場合 （生日、畢業等等）;Networking or career-related events 社交或工作相關的場合;Socialising with friends (dorm/student club events, night out with friends, etc.) 朋友聚會 （宿舍或學生社團活動、夜生活等等）","Chinese 中式","Sometimes (40%) 有時","3.1","No 沒有","No 沒有","0","1",""
"2021/08/05 1:17:34 PM GMT+8","Male 男性","22","Local student 本地生","Hong Kong","The Chinese University of Hong Kong (CUHK) 香港中文大學","Undergraduate student 本科生","4 or above 四年級以上","Monthly or less 少於每月","2","Less than once per month 少於每月","Beer 啤酒","Special events (birthdays, graduation, etc.) 特殊場合 （生日、畢業等等）;Socialising with friends (dorm/student club events, night out with friends, etc.) 朋友聚會 （宿舍或學生社團活動、夜生活等等）","Japanese 日式","Never (0%) 從來不會","3.3","Yes 有","Yes 有","2","3",""
"2021/08/05 9:33:40 PM GMT+8","Male 男性","19","Non-local student 非本地生","Indonesia","The Hong Kong University of Science and Technology (HKUST) 香港科技大學","Undergraduate student 本科生","4 or above 四年級以上","Monthly or less 少於每月","3 ","Less than once per month 少於每月","baileys","Socialising with friends (dorm/student club events, night out with friends, etc.) 朋友聚會 （宿舍或學生社團活動、夜生活等等）","Chinese 中式","Never (0%) 從來不會","3.3","Yes 有","No 沒有","0","0",""
"2021/08/05 9:37:44 PM GMT+8","Female 女性","21","Non-local student 非本地生","Indonesia","The Hong Kong University of Science and Technology (HKUST) 香港科技大學","Undergraduate student 本科生","4 or above 四年級以上","2-4 times a month 每月二至四次","5","Monthly 每月","Soju 燒酒","Special events (birthdays, graduation, etc.) 特殊場合 （生日、畢業等等）;Networking or career-related events 社交或工作相關的場合;Socialising with friends (dorm/student club events, night out with friends, etc.) 朋友聚會 （宿舍或學生社團活動、夜生活等等）","Italian 義式","Sometimes (40%) 有時","3.3","Yes 有","Yes 有","1","0",""
"2021/08/05 9:39:45 PM GMT+8","Female 女性","20","Local student 本地生","Hong Kong","The Hang Seng University of Hong Kong","Undergraduate student 本科生","3","Never 從來不飲用","0","Never 從來不會","I don't consume alcoholic beverage 我不飲用含酒精的飲料","I don't consume alcoholic beverage 我不飲用含酒精的飲料","Italian 義式","Never (0%) 從來不會","3.38","No 沒有","No 沒有","1","0",""
"2021/08/05 9:50:09 PM GMT+8","Female 女性","19","Non-local student 非本地生","Indonesia","The Chinese University of Hong Kong (CUHK) 香港中文大學","Undergraduate student 本科生","2","Monthly or less 少於每月","7","Less than once per month 少於每月","Beer 啤酒","Special events (birthdays, graduation, etc.) 特殊場合 （生日、畢業等等）;Socialising with friends (dorm/student club events, night out with friends, etc.) 朋友聚會 （宿舍或學生社團活動、夜生活等等）","Italian 義式","Never (0%) 從來不會","3","Yes 有","Yes 有","0","0",""
"2021/08/05 9:59:42 PM GMT+8","Female 女性","21","Non-local student 非本地生","Indonesia","The University of Hong Kong (HKU) 香港大學","Undergraduate student 本科生","4 or above 四年級以上","Monthly or less 少於每月","1","Never 從來不會","Beer 啤酒","Special events (birthdays, graduation, etc.) 特殊場合 （生日、畢業等等）;Socialising with friends (dorm/student club events, night out with friends, etc.) 朋友聚會 （宿舍或學生社團活動、夜生活等等）","Italian 義式","Occasionally (20%) 偶爾","3.33","No 沒有","No 沒有","2","0",""
"2021/08/05 10:14:04 PM GMT+8","Male 男性","20","Non-local student 非本地生","Taiwan","The Chinese University of Hong Kong (CUHK) 香港中文大學","Undergraduate student 本科生","4 or above 四年級以上","Monthly or less 少於每月","1","Less than once per month 少於每月","Beer 啤酒","Special events (birthdays, graduation, etc.) 特殊場合 （生日、畢業等等）;Networking or career-related events 社交或工作相關的場合;Family gatherings 家庭聚會;Socialising with friends (dorm/student club events, night out with friends, etc.) 朋友聚會 （宿舍或學生社團活動、夜生活等等）","Italian 義式","Never (0%) 從來不會","3.1","Yes 有","Yes 有","2","1",""
"2021/08/06 1:19:55 AM GMT+8","Female 女性","20","Non-local student 非本地生","Indonesia","The Chinese University of Hong Kong (CUHK) 香港中文大學","Undergraduate student 本科生","3","Monthly or less 少於每月","4","Less than once per month 少於每月","Spirits 烈酒","Special events (birthdays, graduation, etc.) 特殊場合 （生日、畢業等等）;Socialising with friends (dorm/student club events, night out with friends, etc.) 朋友聚會 （宿舍或學生社團活動、夜生活等等）","Italian 義式","Never (0%) 從來不會","3.3","Yes 有","No 沒有","0","0",""
"2021/08/06 8:29:51 AM GMT+8","Female 女性","21","Non-local student 非本地生","United States","The Chinese University of Hong Kong (CUHK) 香港中文大學","Undergraduate student 本科生","4 or above 四年級以上","Monthly or less 少於每月","1","Never 從來不會","Vodka 伏特加","Special events (birthdays, graduation, etc.) 特殊場合 （生日、畢業等等）;Socialising with friends (dorm/student club events, night out with friends, etc.) 朋友聚會 （宿舍或學生社團活動、夜生活等等）","Italian 義式","Never (0%) 從來不會","3.3","Yes 有","Yes 有","0","0",""
"2021/08/06 8:43:55 AM GMT+8","Male 男性","21","Non-local student 非本地生","Korea, South","The Chinese University of Hong Kong (CUHK) 香港中文大學","Undergraduate student 本科生","2","2-4 times a month 每月二至四次","5","Monthly 每月","Soju 燒酒","Socialising with friends (dorm/student club events, night out with friends, etc.) 朋友聚會 （宿舍或學生社團活動、夜生活等等）","Italian 義式","Never (0%) 從來不會","3.6","No 沒有","No 沒有","0","0",""
"2021/08/06 3:47:05 PM GMT+8","Male 男性","21","Non-local student 非本地生","Indonesia","The University of Hong Kong (HKU) 香港大學","Undergraduate student 本科生","4 or above 四年級以上","2-4 times a month 每月二至四次","12","Never 從來不會","Beer 啤酒","Special events (birthdays, graduation, etc.) 特殊場合 （生日、畢業等等）;Networking or career-related events 社交或工作相關的場合;Family gatherings 家庭聚會;Socialising with friends (dorm/student club events, night out with friends, etc.) 朋友聚會 （宿舍或學生社團活動、夜生活等等）","Italian 義式","Never (0%) 從來不會","3.6","Yes 有","Yes 有","1","0",""
"2021/08/06 10:41:40 PM GMT+8","Male 男性","19","Non-local student 非本地生","Indonesia","The Chinese University of Hong Kong (CUHK) 香港中文大學","Undergraduate student 本科生","3","Monthly or less 少於每月","2","Less than once per month 少於每月","Soju 燒酒","Socialising with friends (dorm/student club events, night out with friends, etc.) 朋友聚會 （宿舍或學生社團活動、夜生活等等）;Drinking alone 單獨飲酒","Chinese 中式","Never (0%) 從來不會","3.37","Yes 有","Yes 有","0","0",""
"2021/08/06 10:49:12 PM GMT+8","Female 女性","19","Non-local student 非本地生","Indonesia","The Chinese University of Hong Kong (CUHK) 香港中文大學","Undergraduate student 本科生","3","Monthly or less 少於每月","1.5","Never 從來不會","Wine","Special events (birthdays, graduation, etc.) 特殊場合 （生日、畢業等等）;Family gatherings 家庭聚會","Italian 義式","Never (0%) 從來不會","3.6","Yes 有","Yes 有","1","0",""
"2021/08/07 12:42:22 AM GMT+8","Male 男性","21","Non-local student 非本地生","Indonesia","The Chinese University of Hong Kong (CUHK) 香港中文大學","Undergraduate student 本科生","3","Monthly or less 少於每月","1","Less than once per month 少於每月","I don't consume alcoholic beverage 我不飲用含酒精的飲料","I don't consume alcoholic beverage 我不飲用含酒精的飲料","Italian 義式","Never (0%) 從來不會","3.83","Yes 有","Yes 有","20","0",""
"2021/08/07 12:46:25 AM GMT+8","Female 女性","19","Non-local student 非本地生","Indonesia","The Hong Kong Polytechnic University (PolyU) 香港理工大學","Undergraduate student 本科生","2","2-4 times a month 每月二至四次","1","Never 從來不會","Beer 啤酒","Special events (birthdays, graduation, etc.) 特殊場合 （生日、畢業等等）;Socialising with friends (dorm/student club events, night out with friends, etc.) 朋友聚會 （宿舍或學生社團活動、夜生活等等）","Italian 義式","Never (0%) 從來不會","3.61","Yes 有","Yes 有","2","0",""
"2021/08/07 1:13:46 AM GMT+8","Male 男性","24","Non-local student 非本地生","Taiwan","The Chinese University of Hong Kong (CUHK) 香港中文大學","Undergraduate student 本科生","3","Monthly or less 少於每月","2","Never 從來不會","Whiskey 威士忌","Socialising with friends (dorm/student club events, night out with friends, etc.) 朋友聚會 （宿舍或學生社團活動、夜生活等等）","Italian 義式","Never (0%) 從來不會","3.2","Yes 有","Yes 有","3","0",""
"2021/08/07 10:28:52 AM GMT+8","Male 男性","20","Non-local student 非本地生","Indonesia","The Chinese University of Hong Kong (CUHK) 香港中文大學","Undergraduate student 本科生","3","Monthly or less 少於每月","5","Less than once per month 少於每月","Soju 燒酒","Special events (birthdays, graduation, etc.) 特殊場合 （生日、畢業等等）;Family gatherings 家庭聚會;Socialising with friends (dorm/student club events, night out with friends, etc.) 朋友聚會 （宿舍或學生社團活動、夜生活等等）","Italian 義式","Never (0%) 從來不會","3.3","No 沒有","No 沒有","2","0",""
"2021/08/07 10:50:03 AM GMT+8","Female 女性","20","Non-local student 非本地生","Indonesia","The Hong Kong University of Science and Technology (HKUST) 香港科技大學","Undergraduate student 本科生","2","Monthly or less 少於每月","2","Less than once per month 少於每月","Soju 燒酒","Special events (birthdays, graduation, etc.) 特殊場合 （生日、畢業等等）;Networking or career-related events 社交或工作相關的場合;Socialising with friends (dorm/student club events, night out with friends, etc.) 朋友聚會 （宿舍或學生社團活動、夜生活等等）","Chinese 中式","Occasionally (20%) 偶爾","3.3","Yes 有","Yes 有","1","0",""
"2021/08/07 11:09:04 AM GMT+8","Male 男性","21","Local student 本地生","Taiwan","The Chinese University of Hong Kong (CUHK) 香港中文大學","Undergraduate student 本科生","4 or above 四年級以上","2-4 times a month 每月二至四次","1","Less than once per month 少於每月","Beer 啤酒","Family gatherings 家庭聚會;Socialising with friends (dorm/student club events, night out with friends, etc.) 朋友聚會 （宿舍或學生社團活動、夜生活等等）;Drinking alone 單獨飲酒","Italian 義式","Occasionally (20%) 偶爾","3.46","Yes 有","Yes 有","2","0",""
"2021/08/07 11:26:53 AM GMT+8","Male 男性","20","Non-local student 非本地生","Indonesia","The Chinese University of Hong Kong (CUHK) 香港中文大學","Undergraduate student 本科生","3","Monthly or less 少於每月","1","Never 從來不會","Soju 燒酒","Socialising with friends (dorm/student club events, night out with friends, etc.) 朋友聚會 （宿舍或學生社團活動、夜生活等等）","Italian 義式","Never (0%) 從來不會","3.8","Yes 有","Yes 有","5","0",""
"2021/08/07 11:33:20 AM GMT+8","Male 男性","21","Non-local student 非本地生","Taiwan","The Chinese University of Hong Kong (CUHK) 香港中文大學","Undergraduate student 本科生","4 or above 四年級以上","Never 從來不飲用","0","Never 從來不會","I don't consume alcoholic beverage 我不飲用含酒精的飲料","I don't consume alcoholic beverage 我不飲用含酒精的飲料","Italian 義式","Never (0%) 從來不會","3.78","No 沒有","No 沒有","6","0",""
"2021/08/07 12:10:04 PM GMT+8","Female 女性","21","Non-local student 非本地生","Taiwan","The Chinese University of Hong Kong (CUHK) 香港中文大學","Undergraduate student 本科生","4 or above 四年級以上","2-4 times a month 每月二至四次","12","Less than once per month 少於每月","Whiskey 威士忌","Special events (birthdays, graduation, etc.) 特殊場合 （生日、畢業等等）;Networking or career-related events 社交或工作相關的場合;Family gatherings 家庭聚會;Socialising with friends (dorm/student club events, night out with friends, etc.) 朋友聚會 （宿舍或學生社團活動、夜生活等等）","Italian 義式","Never (0%) 從來不會","3.79","Yes 有","Yes 有","25","1 ",""
"2021/08/07 12:11:53 PM GMT+8","Male 男性","21","Non-local student 非本地生","United Kingdom","UCL","Undergraduate student 本科生","3","2-3 times a week 每週二至三次","3","Monthly 每月","Beer 啤酒","Special events (birthdays, graduation, etc.) 特殊場合 （生日、畢業等等）;Networking or career-related events 社交或工作相關的場合;Socialising with friends (dorm/student club events, night out with friends, etc.) 朋友聚會 （宿舍或學生社團活動、夜生活等等）;Drinking alone 單獨飲酒","Italian 義式","Sometimes (40%) 有時","3.6","No 沒有","No 沒有","2","0",""
"2021/08/07 12:23:21 PM GMT+8","Male 男性","22","Non-local student 非本地生","Taiwan","The Chinese University of Hong Kong (CUHK) 香港中文大學","Undergraduate student 本科生","4 or above 四年級以上","2-4 times a month 每月二至四次","2","Less than once per month 少於每月","Gin","Special events (birthdays, graduation, etc.) 特殊場合 （生日、畢業等等）;Networking or career-related events 社交或工作相關的場合;Socialising with friends (dorm/student club events, night out with friends, etc.) 朋友聚會 （宿舍或學生社團活動、夜生活等等）","Italian 義式","Sometimes (40%) 有時","3.3","Yes 有","No 沒有","8","1",""
"2021/08/07 12:39:06 PM GMT+8","Male 男性","21","Non-local student 非本地生","Indonesia","The Hong Kong University of Science and Technology (HKUST) 香港科技大學","Undergraduate student 本科生","3","2-3 times a week 每週二至三次","2","Less than once per month 少於每月","Soju 燒酒","Special events (birthdays, graduation, etc.) 特殊場合 （生日、畢業等等）;Socialising with friends (dorm/student club events, night out with friends, etc.) 朋友聚會 （宿舍或學生社團活動、夜生活等等）","Italian 義式","Never (0%) 從來不會","3.0","Yes 有","Yes 有","0","0",""
"2021/08/07 1:08:02 PM GMT+8","Male 男性","20","Non-local student 非本地生","Indonesia","The University of Hong Kong (HKU) 香港大學","Undergraduate student 本科生","4 or above 四年級以上","2-4 times a month 每月二至四次","3","Never 從來不會","Beer 啤酒","Networking or career-related events 社交或工作相關的場合;Socialising with friends (dorm/student club events, night out with friends, etc.) 朋友聚會 （宿舍或學生社團活動、夜生活等等）","Italian 義式","Never (0%) 從來不會","3.72","Yes 有","No 沒有","10","0",""
"2021/08/07 1:46:44 PM GMT+8","Male 男性","21","Non-local student 非本地生","Malaysia","The Chinese University of Hong Kong (CUHK) 香港中文大學","Undergraduate student 本科生","4 or above 四年級以上","Never 從來不飲用","0","Never 從來不會","I don't consume alcoholic beverage 我不飲用含酒精的飲料","Special events (birthdays, graduation, etc.) 特殊場合 （生日、畢業等等）","Chinese 中式","Never (0%) 從來不會","0","Yes 有","Yes 有","0","0",""
"2021/08/07 5:43:35 PM GMT+8","Male 男性","20","Non-local student 非本地生","Indonesia","The Chinese University of Hong Kong (CUHK) 香港中文大學","Undergraduate student 本科生","4 or above 四年級以上","Never 從來不飲用","0","Never 從來不會","I don't consume alcoholic beverage 我不飲用含酒精的飲料","I don't consume alcoholic beverage 我不飲用含酒精的飲料","Italian 義式","Never (0%) 從來不會","3.37","No 沒有","No 沒有","4","0",""
"2021/08/08 6:42:05 PM GMT+8","Female 女性","20","Non-local student 非本地生","Indonesia","The Chinese University of Hong Kong (CUHK) 香港中文大學","Undergraduate student 本科生","3","Monthly or less 少於每月","1","Never 從來不會","Soju 燒酒","Special events (birthdays, graduation, etc.) 特殊場合 （生日、畢業等等）;Family gatherings 家庭聚會;Socialising with friends (dorm/student club events, night out with friends, etc.) 朋友聚會 （宿舍或學生社團活動、夜生活等等）","Japanese 日式","Never (0%) 從來不會","3.478","Yes 有","No 沒有","1","0",""
"2021/08/09 9:43:52 PM GMT+8","Female 女性","21","Non-local student 非本地生","Indonesia","The Chinese University of Hong Kong (CUHK) 香港中文大學","Undergraduate student 本科生","4 or above 四年級以上","Never 從來不飲用","0","Never 從來不會","I don't consume alcoholic beverage 我不飲用含酒精的飲料","I don't consume alcoholic beverage 我不飲用含酒精的飲料","Italian 義式","Never (0%) 從來不會","0","Yes 有","No 沒有","0","0",""
"2021/08/11 12:19:30 PM GMT+8","Female 女性","21","Non-local student 非本地生","Taiwan","The Chinese University of Hong Kong (CUHK) 香港中文大學","Undergraduate student 本科生","4 or above 四年級以上","2-4 times a month 每月二至四次","2","Less than once per month 少於每月","Soju 燒酒","Special events (birthdays, graduation, etc.) 特殊場合 （生日、畢業等等）;Networking or career-related events 社交或工作相關的場合;Family gatherings 家庭聚會;Socialising with friends (dorm/student club events, night out with friends, etc.) 朋友聚會 （宿舍或學生社團活動、夜生活等等）","Italian 義式","Occasionally (20%) 偶爾","3.68","Yes 有","No 沒有","2","0",""
"2021/08/11 10:38:09 PM GMT+8","Male 男性","27","Local student 本地生","Hong Kong","The Chinese University of Hong Kong (CUHK) 香港中文大學","Undergraduate student 本科生","4 or above 四年級以上","2-3 times a week 每週二至三次","4","Monthly 每月","Beer 啤酒","Special events (birthdays, graduation, etc.) 特殊場合 （生日、畢業等等）;Socialising with friends (dorm/student club events, night out with friends, etc.) 朋友聚會 （宿舍或學生社團活動、夜生活等等）;Drinking alone 單獨飲酒","Chinese 中式","Often (60%) 經常","2.7","Yes 有","Yes 有","3","0",""
"2021/08/12 5:34:57 AM GMT+8","Female 女性","20","Non-local student 非本地生","Indonesia","The Chinese University of Hong Kong (CUHK) 香港中文大學","Undergraduate student 本科生","4 or above 四年級以上","2-4 times a month 每月二至四次","2","Less than once per month 少於每月","Beer 啤酒","Special events (birthdays, graduation, etc.) 特殊場合 （生日、畢業等等）;Networking or career-related events 社交或工作相關的場合;Socialising with friends (dorm/student club events, night out with friends, etc.) 朋友聚會 （宿舍或學生社團活動、夜生活等等）","Italian 義式","Never (0%) 從來不會","3.2","Yes 有","Yes 有","2","0",""
"2021/08/16 10:30:20 AM GMT+8","Male 男性","21","Local student 本地生","Hong Kong","The University of Hong Kong (HKU) 香港大學","Undergraduate student 本科生","4 or above 四年級以上","Monthly or less 少於每月","1","Less than once per month 少於每月","Beer 啤酒","Special events (birthdays, graduation, etc.) 特殊場合 （生日、畢業等等）;Family gatherings 家庭聚會","Italian 義式","Never (0%) 從來不會","3.5","No 沒有","No 沒有","1","3",""
"2021/08/16 2:39:43 PM GMT+8","Male 男性","21","Non-local student 非本地生","Taiwan","The Chinese University of Hong Kong (CUHK) 香港中文大學","Undergraduate student 本科生","4 or above 四年級以上","2-3 times a week 每週二至三次","3","Monthly 每月","Whiskey 威士忌","Special events (birthdays, graduation, etc.) 特殊場合 （生日、畢業等等）;Socialising with friends (dorm/student club events, night out with friends, etc.) 朋友聚會 （宿舍或學生社團活動、夜生活等等）;Drinking alone 單獨飲酒","Italian 義式","Occasionally (20%) 偶爾","3.43","Yes 有","No 沒有","0","0",""
"2021/08/17 9:52:50 PM GMT+8","Male 男性","22","Local student 本地生","Hong Kong","The Chinese University of Hong Kong (CUHK) 香港中文大學","Undergraduate student 本科生","4 or above 四年級以上","2-4 times a month 每月二至四次","2","Less than once per month 少於每月","Beer 啤酒","Special events (birthdays, graduation, etc.) 特殊場合 （生日、畢業等等）;Networking or career-related events 社交或工作相關的場合;Socialising with friends (dorm/student club events, night out with friends, etc.) 朋友聚會 （宿舍或學生社團活動、夜生活等等）","Chinese 中式","Never (0%) 從來不會","3","Yes 有","Yes 有","0","0",""
"2021/08/18 12:22:21 PM GMT+8","Male 男性","21","Non-local student 非本地生","Taiwan","The Chinese University of Hong Kong (CUHK) 香港中文大學","Undergraduate student 本科生","4 or above 四年級以上","2-4 times a month 每月二至四次","2","Less than once per month 少於每月","調酒","Special events (birthdays, graduation, etc.) 特殊場合 （生日、畢業等等）;Networking or career-related events 社交或工作相關的場合;Family gatherings 家庭聚會;Socialising with friends (dorm/student club events, night out with friends, etc.) 朋友聚會 （宿舍或學生社團活動、夜生活等等）;Drinking alone 單獨飲酒","Japanese 日式","Occasionally (20%) 偶爾","3.7","Yes 有","Yes 有","2","0",""
"2021/08/18 11:18:42 PM GMT+8","Female 女性","21","Local student 本地生","Hong Kong","The Chinese University of Hong Kong (CUHK) 香港中文大學","Undergraduate student 本科生","3","Monthly or less 少於每月","1","Never 從來不會","Beer 啤酒","Socialising with friends (dorm/student club events, night out with friends, etc.) 朋友聚會 （宿舍或學生社團活動、夜生活等等）","Italian 義式","Never (0%) 從來不會","3.4","Yes 有","Yes 有","1","0",""
"2021/08/19 10:51:50 PM GMT+8","Female 女性","20","Local student 本地生","Hong Kong","The Chinese University of Hong Kong (CUHK) 香港中文大學","Undergraduate student 本科生","4 or above 四年級以上","2-4 times a month 每月二至四次","0.7","Never 從來不會","Soju 燒酒","Special events (birthdays, graduation, etc.) 特殊場合 （生日、畢業等等）;Socialising with friends (dorm/student club events, night out with friends, etc.) 朋友聚會 （宿舍或學生社團活動、夜生活等等）","Italian 義式","Never (0%) 從來不會","3","Yes 有","Yes 有","0","0",""
"2021/08/19 10:52:13 PM GMT+8","Male 男性","20","Non-local student 非本地生","India","The Chinese University of Hong Kong (CUHK) 香港中文大學","Undergraduate student 本科生","3","Monthly or less 少於每月","2","Never 從來不會","Beer 啤酒","Socialising with friends (dorm/student club events, night out with friends, etc.) 朋友聚會 （宿舍或學生社團活動、夜生活等等）","Italian 義式","Never (0%) 從來不會","3.46","Yes 有","Yes 有","0","0",""
"2021/08/19 10:52:40 PM GMT+8","Male 男性","20","Non-local student 非本地生","India","The Chinese University of Hong Kong (CUHK) 香港中文大學","Undergraduate student 本科生","3","2-3 times a week 每週二至三次","3","Monthly 每月","Whiskey 威士忌","Special events (birthdays, graduation, etc.) 特殊場合 （生日、畢業等等）;Family gatherings 家庭聚會;Socialising with friends (dorm/student club events, night out with friends, etc.) 朋友聚會 （宿舍或學生社團活動、夜生活等等）;Drinking alone 單獨飲酒","Indian 印度","Never (0%) 從來不會","3.7","Yes 有","Yes 有","8","0",""
"2021/08/19 11:07:50 PM GMT+8","Female 女性","20","Non-local student 非本地生","Burma","The Chinese University of Hong Kong (CUHK) 香港中文大學","Undergraduate student 本科生","3","Monthly or less 少於每月","1 ","Never 從來不會","Beer 啤酒","Special events (birthdays, graduation, etc.) 特殊場合 （生日、畢業等等）;Networking or career-related events 社交或工作相關的場合;Socialising with friends (dorm/student club events, night out with friends, etc.) 朋友聚會 （宿舍或學生社團活動、夜生活等等）","Chinese 中式","Never (0%) 從來不會","3.6","Yes 有","Yes 有","4","0",""
"2021/08/24 8:51:03 PM GMT+8","Male 男性","21","Non-local student 非本地生","Taiwan","The Chinese University of Hong Kong (CUHK) 香港中文大學","Undergraduate student 本科生","1","Monthly or less 少於每月","0.5","Less than once per month 少於每月","Beer 啤酒","Special events (birthdays, graduation, etc.) 特殊場合 （生日、畢業等等）;Family gatherings 家庭聚會;Socialising with friends (dorm/student club events, night out with friends, etc.) 朋友聚會 （宿舍或學生社團活動、夜生活等等）;Drinking alone 單獨飲酒","Italian 義式","Never (0%) 從來不會","3.78","Yes 有","No 沒有","5","0",""
"2021/08/24 8:55:13 PM GMT+8","Male 男性","22","Non-local student 非本地生","Taiwan","The Chinese University of Hong Kong (CUHK) 香港中文大學","Undergraduate student 本科生","4 or above 四年級以上","2-4 times a month 每月二至四次","3","Less than once per month 少於每月","Vodka 伏特加","Special events (birthdays, graduation, etc.) 特殊場合 （生日、畢業等等）;Networking or career-related events 社交或工作相關的場合;Socialising with friends (dorm/student club events, night out with friends, etc.) 朋友聚會 （宿舍或學生社團活動、夜生活等等）","Italian 義式","Occasionally (20%) 偶爾","3.78","Yes 有","Yes 有","8","1",""
"2021/08/24 10:00:35 PM GMT+8","Male 男性","27","Local student 本地生","Hong Kong","The Chinese University of Hong Kong (CUHK) 香港中文大學","Undergraduate student 本科生","4 or above 四年級以上","2-4 times a month 每月二至四次","2","Never 從來不會","Wine","Special events (birthdays, graduation, etc.) 特殊場合 （生日、畢業等等）;Family gatherings 家庭聚會;Socialising with friends (dorm/student club events, night out with friends, etc.) 朋友聚會 （宿舍或學生社團活動、夜生活等等）","Japanese 日式","Occasionally (20%) 偶爾","3.3","Yes 有","No 沒有","0","2.5",""
"2021/08/24 11:13:46 PM GMT+8","Male 男性","23","Non-local student 非本地生","Korea, South","The Chinese University of Hong Kong (CUHK) 香港中文大學","Undergraduate student 本科生","3","2-4 times a month 每月二至四次","1","Never 從來不會","White wine","Socialising with friends (dorm/student club events, night out with friends, etc.) 朋友聚會 （宿舍或學生社團活動、夜生活等等）;Drinking alone 單獨飲酒","Japanese 日式","Never (0%) 從來不會","3.5","No 沒有","No 沒有","0","3",""
"2021/08/25 12:17:53 AM GMT+8","Male 男性","21","Non-local student 非本地生","Taiwan","The Hong Kong Polytechnic University (PolyU) 香港理工大學","Undergraduate student 本科生","4 or above 四年級以上","2-3 times a week 每週二至三次","2","Less than once per month 少於每月","Wine","Special events (birthdays, graduation, etc.) 特殊場合 （生日、畢業等等）;Networking or career-related events 社交或工作相關的場合;Socialising with friends (dorm/student club events, night out with friends, etc.) 朋友聚會 （宿舍或學生社團活動、夜生活等等）","Japanese 日式","Sometimes (40%) 有時","3.5","Yes 有","No 沒有","1","0",""
"2021/08/25 6:28:12 PM GMT+8","Male 男性","22","Non-local student 非本地生","Malaysia","The Chinese University of Hong Kong (CUHK) 香港中文大學","Undergraduate student 本科生","4 or above 四年級以上","2-3 times a week 每週二至三次","40","Weekly 每週","Whiskey 威士忌","Special events (birthdays, graduation, etc.) 特殊場合 （生日、畢業等等）;Networking or career-related events 社交或工作相關的場合;Socialising with friends (dorm/student club events, night out with friends, etc.) 朋友聚會 （宿舍或學生社團活動、夜生活等等）","Japanese 日式","Never (0%) 從來不會","3.0","No 沒有","No 沒有","0","0",""
"2021/08/27 7:25:53 PM GMT+8","Female 女性","21","Local student 本地生","Hong Kong","The Chinese University of Hong Kong (CUHK) 香港中文大學","Undergraduate student 本科生","4 or above 四年級以上","Never 從來不飲用","0","Never 從來不會","I don't consume alcoholic beverage 我不飲用含酒精的飲料","I don't consume alcoholic beverage 我不飲用含酒精的飲料","Italian 義式","Never (0%) 從來不會","3.54","Yes 有","Yes 有","5","0",""
"2021/08/27 7:30:35 PM GMT+8","Female 女性","23","Local student 本地生","Hong Kong","The Chinese University of Hong Kong (CUHK) 香港中文大學","Undergraduate student 本科生","4 or above 四年級以上","Monthly or less 少於每月","0.5","Never 從來不會","Beer 啤酒","Socialising with friends (dorm/student club events, night out with friends, etc.) 朋友聚會 （宿舍或學生社團活動、夜生活等等）","Japanese 日式","Never (0%) 從來不會","3.18","Yes 有","Yes 有","0","0",""
"2021/08/27 7:35:26 PM GMT+8","Female 女性","19","Local student 本地生","Hong Kong","The Chinese University of Hong Kong (CUHK) 香港中文大學","Undergraduate student 本科生","2","Never 從來不飲用","0","Never 從來不會","I don't consume alcoholic beverage 我不飲用含酒精的飲料","I don't consume alcoholic beverage 我不飲用含酒精的飲料","Italian 義式","Never (0%) 從來不會","3.4","No 沒有","No 沒有","0","0",""
"2021/08/27 7:36:07 PM GMT+8","Female 女性","21","Local student 本地生","Hong Kong","The Chinese University of Hong Kong (CUHK) 香港中文大學","Undergraduate student 本科生","4 or above 四年級以上","Never 從來不飲用","0","Never 從來不會","I don't consume alcoholic beverage 我不飲用含酒精的飲料","I don't consume alcoholic beverage 我不飲用含酒精的飲料","Italian 義式","Never (0%) 從來不會","3.998","No 沒有","No 沒有","20","4",""
"2021/08/27 7:40:51 PM GMT+8","Female 女性","22","Local student 本地生","Hong Kong","The Chinese University of Hong Kong (CUHK) 香港中文大學","Undergraduate student 本科生","4 or above 四年級以上","2-4 times a month 每月二至四次","2","Less than once per month 少於每月","Beer 啤酒","Special events (birthdays, graduation, etc.) 特殊場合 （生日、畢業等等）;Networking or career-related events 社交或工作相關的場合;Family gatherings 家庭聚會;Socialising with friends (dorm/student club events, night out with friends, etc.) 朋友聚會 （宿舍或學生社團活動、夜生活等等）;Drinking alone 單獨飲酒","Italian 義式","Occasionally (20%) 偶爾","2.649","No 沒有","No 沒有","0","0",""
"2021/08/27 7:45:28 PM GMT+8","Male 男性","20","Local student 本地生","Hong Kong","The Chinese University of Hong Kong (CUHK) 香港中文大學","Undergraduate student 本科生","3","Monthly or less 少於每月","1","Never 從來不會","Beer 啤酒","Special events (birthdays, graduation, etc.) 特殊場合 （生日、畢業等等）;Socialising with friends (dorm/student club events, night out with friends, etc.) 朋友聚會 （宿舍或學生社團活動、夜生活等等）","Japanese 日式","Occasionally (20%) 偶爾","3.34","Yes 有","Yes 有","0","0",""
"2021/08/27 7:57:49 PM GMT+8","Male 男性","20","Local student 本地生","Hong Kong","The Chinese University of Hong Kong (CUHK) 香港中文大學","Undergraduate student 本科生","2","2-3 times a week 每週二至三次","1.5","Never 從來不會","Beer 啤酒","Special events (birthdays, graduation, etc.) 特殊場合 （生日、畢業等等）;Networking or career-related events 社交或工作相關的場合;Family gatherings 家庭聚會;Socialising with friends (dorm/student club events, night out with friends, etc.) 朋友聚會 （宿舍或學生社團活動、夜生活等等）;Drinking alone 單獨飲酒","Italian 義式","Occasionally (20%) 偶爾","3.608","No 沒有","No 沒有","1","0",""
"2021/08/27 8:19:32 PM GMT+8","Female 女性","21","Local student 本地生","Hong Kong","The Chinese University of Hong Kong (CUHK) 香港中文大學","Undergraduate student 本科生","4 or above 四年級以上","Monthly or less 少於每月","1","Never 從來不會","Beer 啤酒","Socialising with friends (dorm/student club events, night out with friends, etc.) 朋友聚會 （宿舍或學生社團活動、夜生活等等）","Italian 義式","Never (0%) 從來不會","3.6","Yes 有","Yes 有","4","0",""
"2021/08/27 8:29:42 PM GMT+8","Female 女性","18","Local student 本地生","Hong Kong","The Chinese University of Hong Kong (CUHK) 香港中文大學","Undergraduate student 本科生","2","Never 從來不飲用","0.3","Never 從來不會","I don't consume alcoholic beverage 我不飲用含酒精的飲料","I don't consume alcoholic beverage 我不飲用含酒精的飲料","Italian 義式","Never (0%) 從來不會","3.4","Yes 有","No 沒有","0","0",""
"2021/08/27 8:33:40 PM GMT+8","Female 女性","22","Local student 本地生","Hong Kong","The Chinese University of Hong Kong (CUHK) 香港中文大學","Postgraduate student 研究生","1","2-4 times a month 每月二至四次","5","Monthly 每月","Beer 啤酒","Special events (birthdays, graduation, etc.) 特殊場合 （生日、畢業等等）;Networking or career-related events 社交或工作相關的場合;Socialising with friends (dorm/student club events, night out with friends, etc.) 朋友聚會 （宿舍或學生社團活動、夜生活等等）","Italian 義式","Never (0%) 從來不會","3.9","Yes 有","Yes 有","14","0",""
"2021/08/27 8:37:05 PM GMT+8","Female 女性","20","Local student 本地生","Hong Kong","The Chinese University of Hong Kong (CUHK) 香港中文大學","Undergraduate student 本科生","2","Monthly or less 少於每月","1","Never 從來不會","香檳","Special events (birthdays, graduation, etc.) 特殊場合 （生日、畢業等等）","Italian 義式","Never (0%) 從來不會","2.96","No 沒有","No 沒有","0","0",""
"2021/08/27 8:50:57 PM GMT+8","Female 女性","26","Local student 本地生","Hong Kong","The Chinese University of Hong Kong (CUHK) 香港中文大學","Postgraduate student 研究生","2","2-4 times a month 每月二至四次","2","Never 從來不會","Soju 燒酒","Family gatherings 家庭聚會;Drinking alone 單獨飲酒","Japanese 日式","Occasionally (20%) 偶爾","0","No 沒有","No 沒有","8","1",""
"2021/08/27 9:40:33 PM GMT+8","Male 男性","21","Local student 本地生","China","The Chinese University of Hong Kong (CUHK) 香港中文大學","Undergraduate student 本科生","4 or above 四年級以上","Never 從來不飲用","0","Never 從來不會","I don't consume alcoholic beverage 我不飲用含酒精的飲料","Nil","Italian 義式","Never (0%) 從來不會","3.48","Yes 有","Yes 有","2","0",""
"2021/08/27 10:22:09 PM GMT+8","Female 女性","18","Local student 本地生","Hong Kong","The Chinese University of Hong Kong (CUHK) 香港中文大學","Undergraduate student 本科生","1","Never 從來不飲用","0","Never 從來不會","I don't consume alcoholic beverage 我不飲用含酒精的飲料","I don't consume alcoholic beverage 我不飲用含酒精的飲料","Italian 義式","Never (0%) 從來不會","0","No 沒有","No 沒有","0","0",""
"2021/08/27 11:35:13 PM GMT+8","Male 男性","27","Local student 本地生","Hong Kong","The Chinese University of Hong Kong (CUHK) 香港中文大學","Undergraduate student 本科生","4 or above 四年級以上","Monthly or less 少於每月","6","Less than once per month 少於每月","Beer 啤酒","Special events (birthdays, graduation, etc.) 特殊場合 （生日、畢業等等）;Networking or career-related events 社交或工作相關的場合;Family gatherings 家庭聚會;Socialising with friends (dorm/student club events, night out with friends, etc.) 朋友聚會 （宿舍或學生社團活動、夜生活等等）;Drinking alone 單獨飲酒","Italian 義式","Never (0%) 從來不會","3.591","No 沒有","No 沒有","10","0",""
"2021/08/28 12:20:58 AM GMT+8","Female 女性","19","Local student 本地生","Hong Kong","The Chinese University of Hong Kong (CUHK) 香港中文大學","Undergraduate student 本科生","1","2-4 times a month 每月二至四次","1","Never 從來不會","Apple cider","Special events (birthdays, graduation, etc.) 特殊場合 （生日、畢業等等）;Socialising with friends (dorm/student club events, night out with friends, etc.) 朋友聚會 （宿舍或學生社團活動、夜生活等等）","Italian 義式","Never (0%) 從來不會","3.4","Yes 有","Yes 有","2","0",""
"2021/08/28 9:40:19 AM GMT+8","Male 男性","22","Local student 本地生","China","The Chinese University of Hong Kong (CUHK) 香港中文大學","Undergraduate student 本科生","4 or above 四年級以上","2-4 times a month 每月二至四次","3","Less than once per month 少於每月","Beer 啤酒","Special events (birthdays, graduation, etc.) 特殊場合 （生日、畢業等等）;Socialising with friends (dorm/student club events, night out with friends, etc.) 朋友聚會 （宿舍或學生社團活動、夜生活等等）","Italian 義式","Never (0%) 從來不會","3.42","Yes 有","Yes 有","6","0",""
"2021/08/28 11:28:07 AM GMT+8","Male 男性","22","Local student 本地生","Hong Kong","The Chinese University of Hong Kong (CUHK) 香港中文大學","Undergraduate student 本科生","4 or above 四年級以上","Never 從來不飲用","0","Never 從來不會","I don't consume alcoholic beverage 我不飲用含酒精的飲料","I don't consume alcoholic beverage 我不飲用含酒精的飲料","Japanese 日式","Never (0%) 從來不會","3.14","No 沒有","No 沒有","2","0",""
"2021/08/28 12:58:21 PM GMT+8","Male 男性","20","Local student 本地生","Hong Kong","The Chinese University of Hong Kong (CUHK) 香港中文大學","Undergraduate student 本科生","3","Never 從來不飲用","0","Never 從來不會","I don't consume alcoholic beverage 我不飲用含酒精的飲料","I don't consume alcoholic beverage 我不飲用含酒精的飲料","Italian 義式","Never (0%) 從來不會","3.6","No 沒有","No 沒有","4","0",""
"2021/08/28 2:33:19 PM GMT+8","Female 女性","22","Local student 本地生","Hong Kong","The Hong Kong Polytechnic University (PolyU) 香港理工大學","Undergraduate student 本科生","4 or above 四年級以上","2-3 times a week 每週二至三次","6","Weekly 每週","Whiskey 威士忌","Special events (birthdays, graduation, etc.) 特殊場合 （生日、畢業等等）;Networking or career-related events 社交或工作相關的場合;Family gatherings 家庭聚會;Socialising with friends (dorm/student club events, night out with friends, etc.) 朋友聚會 （宿舍或學生社團活動、夜生活等等）","Italian 義式","Never (0%) 從來不會","3.5","Yes 有","Yes 有","1","1",""
"2021/08/28 2:57:30 PM GMT+8","Female 女性","19","Local student 本地生","China","The Chinese University of Hong Kong (CUHK) 香港中文大學","Undergraduate student 本科生","1","Monthly or less 少於每月","4","Less than once per month 少於每月","Soju 燒酒","Special events (birthdays, graduation, etc.) 特殊場合 （生日、畢業等等）;Networking or career-related events 社交或工作相關的場合;Socialising with friends (dorm/student club events, night out with friends, etc.) 朋友聚會 （宿舍或學生社團活動、夜生活等等）","Italian 義式","Never (0%) 從來不會","0","No 沒有","No 沒有","0","0",""
"2021/08/28 3:03:48 PM GMT+8","Female 女性","28","Local student 本地生","Hong Kong","The Hong Kong Polytechnic University (PolyU) 香港理工大學","Postgraduate student 研究生","4 or above 四年級以上","Never 從來不飲用","0","Never 從來不會","I don't consume alcoholic beverage 我不飲用含酒精的飲料","I don't consume alcoholic beverage 我不飲用含酒精的飲料","Italian 義式","Never (0%) 從來不會","4.0","No 沒有","No 沒有","2","0",""
"2021/08/28 3:09:40 PM GMT+8","Male 男性","19","Local student 本地生","Hong Kong","City University of Hong Kong (CityU) 香港城市大學","Undergraduate student 本科生","2","2-4 times a month 每月二至四次","2","Less than once per month 少於每月","Beer 啤酒","Special events (birthdays, graduation, etc.) 特殊場合 （生日、畢業等等）;Socialising with friends (dorm/student club events, night out with friends, etc.) 朋友聚會 （宿舍或學生社團活動、夜生活等等）","Italian 義式","Occasionally (20%) 偶爾","2.89","Yes 有","No 沒有","0","0",""
"2021/08/28 5:08:39 PM GMT+8","Prefer not to say 不方便透露","23","Local student 本地生","Hong Kong","HSU","Undergraduate student 本科生","4 or above 四年級以上","Monthly or less 少於每月","1","Never 從來不會","Soju 燒酒","Socialising with friends (dorm/student club events, night out with friends, etc.) 朋友聚會 （宿舍或學生社團活動、夜生活等等）;Drinking alone 單獨飲酒","Italian 義式","Never (0%) 從來不會","0","No 沒有","No 沒有","0","0",""
"2021/08/28 7:28:21 PM GMT+8","Male 男性","17","Local student 本地生","Hong Kong","The Chinese University of Hong Kong (CUHK) 香港中文大學","Undergraduate student 本科生","1","2-4 times a month 每月二至四次","10","Monthly 每月","Beer 啤酒","Socialising with friends (dorm/student club events, night out with friends, etc.) 朋友聚會 （宿舍或學生社團活動、夜生活等等）","Italian 義式","Occasionally (20%) 偶爾","0 ","No 沒有","No 沒有","0","0",""
"2021/08/28 11:49:38 PM GMT+8","Female 女性","19","Local student 本地生","Hong Kong","The Chinese University of Hong Kong (CUHK) 香港中文大學","Undergraduate student 本科生","2","Monthly or less 少於每月","1","Never 從來不會","Beer 啤酒","Drinking alone 單獨飲酒","Italian 義式","Never (0%) 從來不會","3.5","Yes 有","Yes 有","0","0",""
"2021/08/29 1:33:32 AM GMT+8","Female 女性","20","Local student 本地生","Hong Kong","The Chinese University of Hong Kong (CUHK) 香港中文大學","Undergraduate student 本科生","3","2-4 times a month 每月二至四次","1","Never 從來不會","果酒","Socialising with friends (dorm/student club events, night out with friends, etc.) 朋友聚會 （宿舍或學生社團活動、夜生活等等）;做paper","Italian 義式","Usually (80%) 通常","3.5","Yes 有","Yes 有","2","0",""
"2021/08/29 7:31:58 AM GMT+8","Female 女性","21","Local student 本地生","Hong Kong","Hong Kong Baptist University (HKBU) 香港浸會大學","Undergraduate student 本科生","2","Monthly or less 少於每月","5","Monthly 每月","Beer 啤酒","Networking or career-related events 社交或工作相關的場合;Family gatherings 家庭聚會","Chinese 中式","Never (0%) 從來不會","3.87","No 沒有","Yes 有","2","0",""
"2021/08/29 7:05:58 PM GMT+8","Female 女性","24","Local student 本地生","Hong Kong","The Chinese University of Hong Kong (CUHK) 香港中文大學","Undergraduate student 本科生","4 or above 四年級以上","2-4 times a month 每月二至四次","2","Less than once per month 少於每月","Spirits 烈酒","Family gatherings 家庭聚會;Socialising with friends (dorm/student club events, night out with friends, etc.) 朋友聚會 （宿舍或學生社團活動、夜生活等等）;Drinking alone 單獨飲酒","Italian 義式","Often (60%) 經常","3.555","No 沒有","No 沒有","1","0",""
"2021/08/30 11:16:34 AM GMT+8","Male 男性","24","Local student 本地生","Hong Kong","The Chinese University of Hong Kong (CUHK) 香港中文大學","Postgraduate student 研究生","1","2-4 times a month 每月二至四次","1","Less than once per month 少於每月","Spirits 烈酒","Special events (birthdays, graduation, etc.) 特殊場合 （生日、畢業等等）;Networking or career-related events 社交或工作相關的場合;Socialising with friends (dorm/student club events, night out with friends, etc.) 朋友聚會 （宿舍或學生社團活動、夜生活等等）;Drinking alone 單獨飲酒","Japanese 日式","Never (0%) 從來不會","0","No 沒有","No 沒有","5","0",""
"2021/08/30 4:18:48 PM GMT+8","Female 女性","21","Local student 本地生","Hong Kong","The Chinese University of Hong Kong (CUHK) 香港中文大學","Undergraduate student 本科生","4 or above 四年級以上","Monthly or less 少於每月","0.5","Never 從來不會","Beer 啤酒","Family gatherings 家庭聚會","Italian 義式","Never (0%) 從來不會","3.2","Yes 有","No 沒有","4","2",""
"2021/08/30 8:22:47 PM GMT+8","Female 女性","19","Local student 本地生","Hong Kong","The Chinese University of Hong Kong (CUHK) 香港中文大學","Undergraduate student 本科生","2","2-4 times a month 每月二至四次","2","Never 從來不會","Beer 啤酒","Family gatherings 家庭聚會;Socialising with friends (dorm/student club events, night out with friends, etc.) 朋友聚會 （宿舍或學生社團活動、夜生活等等）","Italian 義式","Occasionally (20%) 偶爾","3.1","Yes 有","No 沒有","0","0",""
"2021/08/31 2:37:03 AM GMT+8","Male 男性","22","Local student 本地生","Hong Kong","The Chinese University of Hong Kong (CUHK) 香港中文大學","Undergraduate student 本科生","4 or above 四年級以上","2-4 times a month 每月二至四次","12","Less than once per month 少於每月","Beer 啤酒","Special events (birthdays, graduation, etc.) 特殊場合 （生日、畢業等等）;Networking or career-related events 社交或工作相關的場合;Socialising with friends (dorm/student club events, night out with friends, etc.) 朋友聚會 （宿舍或學生社團活動、夜生活等等）;Drinking alone 單獨飲酒","Italian 義式","Sometimes (40%) 有時","3.12","Yes 有","Yes 有","0","0",""
"2021/08/31 11:15:46 AM GMT+8","Female 女性","20","Local student 本地生","Hong Kong","The Chinese University of Hong Kong (CUHK) 香港中文大學","Undergraduate student 本科生","4 or above 四年級以上","Never 從來不飲用","0","Never 從來不會","I don't consume alcoholic beverage 我不飲用含酒精的飲料","I don't consume alcoholic beverage 我不飲用含酒精的飲料","Italian 義式","Never (0%) 從來不會","0","No 沒有","No 沒有","0","2",""
"2021/09/08 4:24:42 PM GMT+8","Female 女性","19","Non-local student 非本地生","Indonesia","The Chinese University of Hong Kong (CUHK) 香港中文大學","Undergraduate student 本科生","2","Monthly or less 少於每月","7","Less than once per month 少於每月","Beer 啤酒","Special events (birthdays, graduation, etc.) 特殊場合 （生日、畢業等等）;Socialising with friends (dorm/student club events, night out with friends, etc.) 朋友聚會 （宿舍或學生社團活動、夜生活等等）","Italian 義式","Never (0%) 從來不會","3","Yes 有","Yes 有","0","0",""
"2021/09/13 10:05:27 PM GMT+8","Female 女性","20","Local student 本地生","Hong Kong","The Chinese University of Hong Kong (CUHK) 香港中文大學","Undergraduate student 本科生","3","2-4 times a month 每月二至四次","2","Less than once per month 少於每月","anything屌飲一波","Socialising with friends (dorm/student club events, night out with friends, etc.) 朋友聚會 （宿舍或學生社團活動、夜生活等等）","Italian 義式","Never (0%) 從來不會","0.1","Yes 有","Yes 有","1","0",""
"2021/09/18 3:50:45 PM GMT+8","Female 女性","20","Non-local student 非本地生","Indonesia","The Chinese University of Hong Kong (CUHK) 香港中文大學","Undergraduate student 本科生","3","2-4 times a month 每月二至四次","2","Never 從來不會","Soju 燒酒","Special events (birthdays, graduation, etc.) 特殊場合 （生日、畢業等等）;Networking or career-related events 社交或工作相關的場合;Socialising with friends (dorm/student club events, night out with friends, etc.) 朋友聚會 （宿舍或學生社團活動、夜生活等等）","Italian 義式","Never (0%) 從來不會","3.5","Yes 有","No 沒有","2 ","0",""
"2021/09/18 4:17:00 PM GMT+8","Female 女性","20","Local student 本地生","China","The Chinese University of Hong Kong (CUHK) 香港中文大學","Undergraduate student 本科生","3","Monthly or less 少於每月","1","Never 從來不會","Beer 啤酒","I don't consume alcoholic beverage 我不飲用含酒精的飲料;Special events (birthdays, graduation, etc.) 特殊場合 （生日、畢業等等）;Socialising with friends (dorm/student club events, night out with friends, etc.) 朋友聚會 （宿舍或學生社團活動、夜生活等等）","Italian 義式","Never (0%) 從來不會","3.73","Yes 有","No 沒有","5","0",""
"2021/09/18 4:19:29 PM GMT+8","Male 男性","23","Local student 本地生","Hong Kong","The Chinese University of Hong Kong (CUHK) 香港中文大學","Undergraduate student 本科生","2","Monthly or less 少於每月","3","Never 從來不會","Beer 啤酒","Networking or career-related events 社交或工作相關的場合","Italian 義式","Never (0%) 從來不會","2.9","No 沒有","No 沒有","0","0",""
"2021/09/18 5:22:19 PM GMT+8","Male 男性","20","Local student 本地生","Hong Kong","The Chinese University of Hong Kong (CUHK) 香港中文大學","Undergraduate student 本科生","3","2-3 times a week 每週二至三次","3","Less than once per month 少於每月","wine","Special events (birthdays, graduation, etc.) 特殊場合 （生日、畢業等等）;Networking or career-related events 社交或工作相關的場合;Family gatherings 家庭聚會;Drinking alone 單獨飲酒","Italian 義式","Sometimes (40%) 有時","3.2","No 沒有","No 沒有","0","0",""
"2021/09/18 5:41:32 PM GMT+8","Prefer not to say 不方便透露","18","Non-local student 非本地生","Sri Lanka","The Chinese University of Hong Kong (CUHK) 香港中文大學","Undergraduate student 本科生","2","Never 從來不飲用","0","Never 從來不會","I don't consume alcoholic beverage 我不飲用含酒精的飲料","I don't consume alcoholic beverage 我不飲用含酒精的飲料","Indian 印度","Never (0%) 從來不會","3.00","Yes 有","No 沒有","0","0",""
"2021/09/18 5:55:42 PM GMT+8","Female 女性","19","Non-local student 非本地生","Kazakhstan","The Chinese University of Hong Kong (CUHK) 香港中文大學","Undergraduate student 本科生","2","Never 從來不飲用","0","Never 從來不會","I don't consume alcoholic beverage 我不飲用含酒精的飲料","I don't consume alcoholic beverage 我不飲用含酒精的飲料","Italian 義式","Never (0%) 從來不會","3.5","No 沒有","No 沒有","0","0",""
"2021/09/18 6:08:12 PM GMT+8","Female 女性","19","Non-local student 非本地生","Russia","The Chinese University of Hong Kong (CUHK) 香港中文大學","Undergraduate student 本科生","2","2-4 times a month 每月二至四次","1","Never 從來不會","Cider ","Special events (birthdays, graduation, etc.) 特殊場合 （生日、畢業等等）;Networking or career-related events 社交或工作相關的場合;Socialising with friends (dorm/student club events, night out with friends, etc.) 朋友聚會 （宿舍或學生社團活動、夜生活等等）","Italian 義式","Never (0%) 從來不會","3.475","Yes 有","Yes 有","4","0",""
"2021/09/18 11:08:09 PM GMT+8","Male 男性","21","Non-local student 非本地生","Indonesia","The Chinese University of Hong Kong (CUHK) 香港中文大學","Undergraduate student 本科生","4 or above 四年級以上","2-3 times a week 每週二至三次","4","Less than once per month 少於每月","Soju 燒酒","Special events (birthdays, graduation, etc.) 特殊場合 （生日、畢業等等）;Socialising with friends (dorm/student club events, night out with friends, etc.) 朋友聚會 （宿舍或學生社團活動、夜生活等等）;Drinking alone 單獨飲酒","Italian 義式","Never (0%) 從來不會","3.7","Yes 有","Yes 有","4","0",""
"2021/09/28 11:48:54 PM GMT+8","Female 女性","20","Non-local student 非本地生","China","The Chinese University of Hong Kong (CUHK) 香港中文大學","Undergraduate student 本科生","3","Monthly or less 少於每月","2","Never 從來不會","Beer 啤酒","Special events (birthdays, graduation, etc.) 特殊場合 （生日、畢業等等）;Networking or career-related events 社交或工作相關的場合;Family gatherings 家庭聚會;Socialising with friends (dorm/student club events, night out with friends, etc.) 朋友聚會 （宿舍或學生社團活動、夜生活等等）","Italian 義式","Occasionally (20%) 偶爾","3.6","Yes 有","No 沒有","5","0",""
"2021/09/29 12:02:54 AM GMT+8","Male 男性","21","Non-local student 非本地生","India","The Chinese University of Hong Kong (CUHK) 香港中文大學","Undergraduate student 本科生","4 or above 四年級以上","Monthly or less 少於每月","3","Never 從來不會","Whiskey 威士忌","Special events (birthdays, graduation, etc.) 特殊場合 （生日、畢業等等）;Socialising with friends (dorm/student club events, night out with friends, etc.) 朋友聚會 （宿舍或學生社團活動、夜生活等等）","Italian 義式","Occasionally (20%) 偶爾","3.75","Yes 有","Yes 有","4","0",""
"2021/09/29 12:21:00 AM GMT+8","Female 女性","22","Non-local student 非本地生","China","The Chinese University of Hong Kong (CUHK) 香港中文大學","Undergraduate student 本科生","4 or above 四年級以上","Monthly or less 少於每月","1","Never 從來不會","cocktails but no particular preference for the base","Family gatherings 家庭聚會;Socialising with friends (dorm/student club events, night out with friends, etc.) 朋友聚會 （宿舍或學生社團活動、夜生活等等）","Italian 義式","Never (0%) 從來不會","3.62","Yes 有","No 沒有","2","0",""
"2021/09/29 9:25:28 AM GMT+8","Female 女性","20","Non-local student 非本地生","Malaysia","The Chinese University of Hong Kong (CUHK) 香港中文大學","Undergraduate student 本科生","3","Monthly or less 少於每月","10","Less than once per month 少於每月","Beer 啤酒","Special events (birthdays, graduation, etc.) 特殊場合 （生日、畢業等等）;Networking or career-related events 社交或工作相關的場合;Socialising with friends (dorm/student club events, night out with friends, etc.) 朋友聚會 （宿舍或學生社團活動、夜生活等等）","Italian 義式","Never (0%) 從來不會","3.4","Yes 有","Yes 有","3","0",""
"2021/09/29 10:06:46 AM GMT+8","Female 女性","19","Non-local student 非本地生","China","The Chinese University of Hong Kong (CUHK) 香港中文大學","Undergraduate student 本科生","2","Never 從來不飲用","0","Never 從來不會","I don't consume alcoholic beverage 我不飲用含酒精的飲料","I don't consume alcoholic beverage 我不飲用含酒精的飲料","Chinese 中式","Never (0%) 從來不會","3.763","No 沒有","No 沒有","0","0",""
"2021/09/29 10:09:19 AM GMT+8","Male 男性","21","Non-local student 非本地生","India","The Chinese University of Hong Kong (CUHK) 香港中文大學","Undergraduate student 本科生","3","2-3 times a week 每週二至三次","8","Monthly 每月","Whiskey 威士忌","Special events (birthdays, graduation, etc.) 特殊場合 （生日、畢業等等）;Socialising with friends (dorm/student club events, night out with friends, etc.) 朋友聚會 （宿舍或學生社團活動、夜生活等等）;Drinking alone 單獨飲酒","Indian 印度","Never (0%) 從來不會","3.5","Yes 有","Yes 有","4","1",""
"2021/09/29 10:20:00 AM GMT+8","Male 男性","21","Non-local student 非本地生","China","The Chinese University of Hong Kong (CUHK) 香港中文大學","Undergraduate student 本科生","4 or above 四年級以上","Never 從來不飲用","0","Never 從來不會","I don't consume alcoholic beverage 我不飲用含酒精的飲料","I don't consume alcoholic beverage 我不飲用含酒精的飲料","Italian 義式","Never (0%) 從來不會","3.839","No 沒有","No 沒有","6","0",""
"2021/09/29 10:26:16 AM GMT+8","Male 男性","21","Local student 本地生","Hong Kong","The Chinese University of Hong Kong (CUHK) 香港中文大學","Undergraduate student 本科生","2","2-3 times a week 每週二至三次","5","Weekly 每週","Beer 啤酒","Special events (birthdays, graduation, etc.) 特殊場合 （生日、畢業等等）;Socialising with friends (dorm/student club events, night out with friends, etc.) 朋友聚會 （宿舍或學生社團活動、夜生活等等）","Chinese 中式","Sometimes (40%) 有時","2.9","Yes 有","No 沒有","4","0",""
"2021/09/29 10:29:14 AM GMT+8","Female 女性","21","Local student 本地生","Hong Kong","The Chinese University of Hong Kong (CUHK) 香港中文大學","Undergraduate student 本科生","4 or above 四年級以上","Never 從來不飲用","0","Never 從來不會","I don't consume alcoholic beverage 我不飲用含酒精的飲料","I don't consume alcoholic beverage 我不飲用含酒精的飲料","Japanese 日式","Never (0%) 從來不會","3.443","No 沒有","No 沒有","1","1",""
"2021/09/29 10:31:32 AM GMT+8","Prefer not to say 不方便透露","24","Local student 本地生","China","The Chinese University of Hong Kong (CUHK) 香港中文大學","Undergraduate student 本科生","4 or above 四年級以上","Monthly or less 少於每月","1.5","Less than once per month 少於每月","Soju 燒酒","Networking or career-related events 社交或工作相關的場合;Socialising with friends (dorm/student club events, night out with friends, etc.) 朋友聚會 （宿舍或學生社團活動、夜生活等等）","Italian 義式","Never (0%) 從來不會","3.3","No 沒有","No 沒有","0","0",""
"2021/09/29 10:42:19 AM GMT+8","Male 男性","20","Local student 本地生","Hong Kong","The Chinese University of Hong Kong (CUHK) 香港中文大學","Undergraduate student 本科生","3","2-4 times a month 每月二至四次","2","Less than once per month 少於每月","Beer 啤酒","Special events (birthdays, graduation, etc.) 特殊場合 （生日、畢業等等）;Socialising with friends (dorm/student club events, night out with friends, etc.) 朋友聚會 （宿舍或學生社團活動、夜生活等等）","Chinese 中式","Never (0%) 從來不會","3.071","Yes 有","No 沒有","0","0",""
"2021/09/29 11:00:22 AM GMT+8","Female 女性","20","Local student 本地生","Hong Kong","The Chinese University of Hong Kong (CUHK) 香港中文大學","Undergraduate student 本科生","2","Monthly or less 少於每月","1","Never 從來不會","Soju 燒酒","Socialising with friends (dorm/student club events, night out with friends, etc.) 朋友聚會 （宿舍或學生社團活動、夜生活等等）","Italian 義式","Never (0%) 從來不會","3.34","No 沒有","Yes 有","0","0",""
"2021/09/29 11:08:41 AM GMT+8","Female 女性","22","Local student 本地生","China","The Chinese University of Hong Kong (CUHK) 香港中文大學","Undergraduate student 本科生","4 or above 四年級以上","Never 從來不飲用","0","Never 從來不會","I don't consume alcoholic beverage 我不飲用含酒精的飲料","I don't consume alcoholic beverage 我不飲用含酒精的飲料","Italian 義式","Never (0%) 從來不會","3.1","Yes 有","No 沒有","0","0",""
"2021/09/29 11:08:51 AM GMT+8","Male 男性","22","Non-local student 非本地生","India","The Chinese University of Hong Kong (CUHK) 香港中文大學","Undergraduate student 本科生","4 or above 四年級以上","Monthly or less 少於每月","3","Never 從來不會","Beer 啤酒","Nothing specific","Indian 印度","Never (0%) 從來不會","3.2","No 沒有","No 沒有","4","0",""
"2021/09/29 12:11:28 PM GMT+8","Female 女性","20","Local student 本地生","Hong Kong","The Chinese University of Hong Kong (CUHK) 香港中文大學","Undergraduate student 本科生","3","Monthly or less 少於每月","1","Never 從來不會","Beer 啤酒","Special events (birthdays, graduation, etc.) 特殊場合 （生日、畢業等等）;Socialising with friends (dorm/student club events, night out with friends, etc.) 朋友聚會 （宿舍或學生社團活動、夜生活等等）;Drinking alone 單獨飲酒","Japanese 日式","Occasionally (20%) 偶爾","3.5","Yes 有","Yes 有","0","0",""
"2021/09/29 12:59:35 PM GMT+8","Male 男性","22","Non-local student 非本地生","Kazakhstan","The Chinese University of Hong Kong (CUHK) 香港中文大學","Undergraduate student 本科生","4 or above 四年級以上","Monthly or less 少於每月","1.5","Never 從來不會","Vodka 伏特加","Special events (birthdays, graduation, etc.) 特殊場合 （生日、畢業等等）","Italian 義式","Occasionally (20%) 偶爾","3","Yes 有","Yes 有","1","6",""
"2021/09/29 1:00:41 PM GMT+8","Male 男性","19","Local student 本地生","China","The Chinese University of Hong Kong (CUHK) 香港中文大學","Undergraduate student 本科生","2","2-4 times a month 每月二至四次","2","Never 從來不會","Beer 啤酒","Socialising with friends (dorm/student club events, night out with friends, etc.) 朋友聚會 （宿舍或學生社團活動、夜生活等等）","Japanese 日式","Never (0%) 從來不會","3.659","Yes 有","No 沒有","1","0",""
"2021/09/29 4:57:01 PM GMT+8","Male 男性","22","Local student 本地生","India","The Chinese University of Hong Kong (CUHK) 香港中文大學","Undergraduate student 本科生","4 or above 四年級以上","Monthly or less 少於每月","12","Less than once per month 少於每月","Spirits 烈酒","Special events (birthdays, graduation, etc.) 特殊場合 （生日、畢業等等）;Socialising with friends (dorm/student club events, night out with friends, etc.) 朋友聚會 （宿舍或學生社團活動、夜生活等等）","Japanese 日式","Never (0%) 從來不會","3.78","Yes 有","No 沒有","4","0",""
"2021/09/29 5:03:43 PM GMT+8","Male 男性","21","Local student 本地生","Hong Kong","The Chinese University of Hong Kong (CUHK) 香港中文大學","Undergraduate student 本科生","2","2-4 times a month 每月二至四次","1","Less than once per month 少於每月","Beer 啤酒","Special events (birthdays, graduation, etc.) 特殊場合 （生日、畢業等等）;Socialising with friends (dorm/student club events, night out with friends, etc.) 朋友聚會 （宿舍或學生社團活動、夜生活等等）","Italian 義式","Never (0%) 從來不會","2.9","Yes 有","No 沒有","1","0",""
"2021/09/29 10:37:46 PM GMT+8","Female 女性","22","Local student 本地生","Hong Kong","The Chinese University of Hong Kong (CUHK) 香港中文大學","Undergraduate student 本科生","4 or above 四年級以上","Monthly or less 少於每月","0.03","Never 從來不會","Cocktail ","I don't consume alcoholic beverage 我不飲用含酒精的飲料;Special events (birthdays, graduation, etc.) 特殊場合 （生日、畢業等等）","Italian 義式","Never (0%) 從來不會","3.4","Yes 有","Yes 有","2","0",""
"2021/09/30 7:29:42 AM GMT+8","Female 女性","21","Local student 本地生","Hong Kong","The Chinese University of Hong Kong (CUHK) 香港中文大學","Undergraduate student 本科生","2","Monthly or less 少於每月","1","Less than once per month 少於每月","Whiskey 威士忌","Special events (birthdays, graduation, etc.) 特殊場合 （生日、畢業等等）","Italian 義式","Never (0%) 從來不會","3.2","No 沒有","No 沒有","0","0",""
"2021/10/01 4:12:53 PM GMT+8","Female 女性","21","Non-local student 非本地生","Taiwan","The Chinese University of Hong Kong (CUHK) 香港中文大學","Undergraduate student 本科生","4 or above 四年級以上","Monthly or less 少於每月","1","Never 從來不會","Beer 啤酒","Drinking alone 單獨飲酒","Italian 義式","Never (0%) 從來不會","3.45","No 沒有","No 沒有","0","0",""
"2021/10/02 5:16:04 PM GMT+8","Female 女性","19","Local student 本地生","Hong Kong","The Chinese University of Hong Kong (CUHK) 香港中文大學","Undergraduate student 本科生","2","Monthly or less 少於每月","1","Never 從來不會","水果酒","Family gatherings 家庭聚會","Italian 義式","Never (0%) 從來不會","3.4","No 沒有","No 沒有","0","0",""
"2021/10/02 5:34:37 PM GMT+8","Female 女性","20","Local student 本地生","Hong Kong","The Chinese University of Hong Kong (CUHK) 香港中文大學","Undergraduate student 本科生","3","Never 從來不飲用","0","Never 從來不會","I don't consume alcoholic beverage 我不飲用含酒精的飲料","I don't consume alcoholic beverage 我不飲用含酒精的飲料","Italian 義式","Never (0%) 從來不會","3.6","No 沒有","No 沒有","3","0",""
"2021/10/02 6:59:51 PM GMT+8","Male 男性","21","Local student 本地生","Hong Kong","The Chinese University of Hong Kong (CUHK) 香港中文大學","Undergraduate student 本科生","3","2-4 times a month 每月二至四次","9","Never 從來不會","Whiskey 威士忌","Special events (birthdays, graduation, etc.) 特殊場合 （生日、畢業等等）;Networking or career-related events 社交或工作相關的場合","Japanese 日式","Sometimes (40%) 有時","3.19","No 沒有","No 沒有","0","1",""
"2021/10/02 7:57:08 PM GMT+8","Female 女性","20","Local student 本地生","Hong Kong","The Chinese University of Hong Kong (CUHK) 香港中文大學","Undergraduate student 本科生","2","Never 從來不飲用","0","Never 從來不會","I don't consume alcoholic beverage 我不飲用含酒精的飲料","I don't consume alcoholic beverage 我不飲用含酒精的飲料","Italian 義式","Never (0%) 從來不會","3.4","No 沒有","No 沒有","3","0",""
"2021/10/03 1:28:53 AM GMT+8","Male 男性","20","Local student 本地生","Hong Kong","The Chinese University of Hong Kong (CUHK) 香港中文大學","Undergraduate student 本科生","2","Monthly or less 少於每月","1","Never 從來不會","Beer 啤酒","Family gatherings 家庭聚會;Socialising with friends (dorm/student club events, night out with friends, etc.) 朋友聚會 （宿舍或學生社團活動、夜生活等等）","Indian 印度","Never (0%) 從來不會","3.017","No 沒有","No 沒有","0","0",""
"2021/10/03 3:33:47 PM GMT+8","Male 男性","20","Local student 本地生","Hong Kong","The Chinese University of Hong Kong (CUHK) 香港中文大學","Undergraduate student 本科生","2","Never 從來不飲用","0","Never 從來不會","I don't consume alcoholic beverage 我不飲用含酒精的飲料","I don't consume alcoholic beverage 我不飲用含酒精的飲料;Drinking alone 單獨飲酒","Japanese 日式","Never (0%) 從來不會","3.75","Yes 有","No 沒有","1","2",""
"2021/10/03 8:42:13 PM GMT+8","Male 男性","20","Non-local student 非本地生","Indonesia","The Chinese University of Hong Kong (CUHK) 香港中文大學","Undergraduate student 本科生","4 or above 四年級以上","2-4 times a month 每月二至四次","8","Weekly 每週","Soju 燒酒","Special events (birthdays, graduation, etc.) 特殊場合 （生日、畢業等等）;Socialising with friends (dorm/student club events, night out with friends, etc.) 朋友聚會 （宿舍或學生社團活動、夜生活等等）;Drinking alone 單獨飲酒","Italian 義式","Never (0%) 從來不會","3.4","Yes 有","No 沒有","1","1",""
"2021/10/15 4:53:19 PM GMT+8","Male 男性","20","Non-local student 非本地生","Indonesia","City University of Hong Kong (CityU) 香港城市大學","Undergraduate student 本科生","3","Monthly or less 少於每月","6","Monthly 每月","Vodka 伏特加","Special events (birthdays, graduation, etc.) 特殊場合 （生日、畢業等等）;Socialising with friends (dorm/student club events, night out with friends, etc.) 朋友聚會 （宿舍或學生社團活動、夜生活等等）","Italian 義式","Never (0%) 從來不會","3.55","Yes 有","Yes 有","3","0",""
"2021/10/15 5:03:00 PM GMT+8","Male 男性","21","Non-local student 非本地生","Indonesia","The Chinese University of Hong Kong (CUHK) 香港中文大學","Undergraduate student 本科生","4 or above 四年級以上","Monthly or less 少於每月","2","Less than once per month 少於每月","Soju 燒酒","Special events (birthdays, graduation, etc.) 特殊場合 （生日、畢業等等）;Networking or career-related events 社交或工作相關的場合;Family gatherings 家庭聚會;Socialising with friends (dorm/student club events, night out with friends, etc.) 朋友聚會 （宿舍或學生社團活動、夜生活等等）","Italian 義式","Never (0%) 從來不會","3.65","Yes 有","Yes 有","7","0",""
"2021/10/15 5:05:14 PM GMT+8","Male 男性","20","Non-local student 非本地生","Indonesia","The Chinese University of Hong Kong (CUHK) 香港中文大學","Undergraduate student 本科生","3","Monthly or less 少於每月","20","Monthly 每月","Soju 燒酒","Special events (birthdays, graduation, etc.) 特殊場合 （生日、畢業等等）;Networking or career-related events 社交或工作相關的場合;Family gatherings 家庭聚會;Socialising with friends (dorm/student club events, night out with friends, etc.) 朋友聚會 （宿舍或學生社團活動、夜生活等等）","Japanese 日式","Never (0%) 從來不會","3.59","Yes 有","Yes 有","2","0",""
"2021/10/15 7:36:16 PM GMT+8","Female 女性","20","Non-local student 非本地生","Indonesia","The Hong Kong University of Science and Technology (HKUST) 香港科技大學","Undergraduate student 本科生","4 or above 四年級以上","Monthly or less 少於每月","2","Never 從來不會","Beer 啤酒","Special events (birthdays, graduation, etc.) 特殊場合 （生日、畢業等等）;Family gatherings 家庭聚會;Socialising with friends (dorm/student club events, night out with friends, etc.) 朋友聚會 （宿舍或學生社團活動、夜生活等等）","Italian 義式","Never (0%) 從來不會","3.9","Yes 有","Yes 有","8","0",""
"2021/10/15 9:52:11 PM GMT+8","Female 女性","20","Non-local student 非本地生","Indonesia","The Hong Kong University of Science and Technology (HKUST) 香港科技大學","Undergraduate student 本科生","4 or above 四年級以上","2-4 times a month 每月二至四次","3","Monthly 每月","Soju 燒酒","Special events (birthdays, graduation, etc.) 特殊場合 （生日、畢業等等）;Networking or career-related events 社交或工作相關的場合;Socialising with friends (dorm/student club events, night out with friends, etc.) 朋友聚會 （宿舍或學生社團活動、夜生活等等）","Japanese 日式","Occasionally (20%) 偶爾","3","Yes 有","Yes 有","0","0",""
"2021/10/15 10:26:34 PM GMT+8","Male 男性","20","Non-local student 非本地生","Malaysia","The University of Hong Kong (HKU) 香港大學","Undergraduate student 本科生","3","2-3 times a week 每週二至三次","3","Less than once per month 少於每月","Beer 啤酒","Socialising with friends (dorm/student club events, night out with friends, etc.) 朋友聚會 （宿舍或學生社團活動、夜生活等等）","Japanese 日式","Often (60%) 經常","3.2","No 沒有","No 沒有","0","2",""
"2021/10/15 10:38:20 PM GMT+8","Male 男性","21","Non-local student 非本地生","Indonesia","The Hong Kong University of Science and Technology (HKUST) 香港科技大學","Undergraduate student 本科生","4 or above 四年級以上","2-4 times a month 每月二至四次","1","Less than once per month 少於每月","Soju 燒酒","Special events (birthdays, graduation, etc.) 特殊場合 （生日、畢業等等）","Italian 義式","Never (0%) 從來不會","3","Yes 有","Yes 有","1","0",""
"2021/10/16 4:00:15 PM GMT+8","Male 男性","21","Non-local student 非本地生","Malaysia","The Hong Kong University of Science and Technology (HKUST) 香港科技大學","Undergraduate student 本科生","4 or above 四年級以上","2-4 times a month 每月二至四次","0.5","Never 從來不會","Soju 燒酒","at home with gf","Italian 義式","Never (0%) 從來不會","3.4","Yes 有","Yes 有","1","0",""
"2021/10/16 9:19:40 PM GMT+8","Female 女性","20","Local student 本地生","Hong Kong","The Chinese University of Hong Kong (CUHK) 香港中文大學","Undergraduate student 本科生","4 or above 四年級以上","2-4 times a month 每月二至四次","6","Monthly 每月","Spirits 烈酒","Special events (birthdays, graduation, etc.) 特殊場合 （生日、畢業等等）;Socialising with friends (dorm/student club events, night out with friends, etc.) 朋友聚會 （宿舍或學生社團活動、夜生活等等）","Japanese 日式","Occasionally (20%) 偶爾","3.1","No 沒有","No 沒有","0","0",""
"2021/10/16 9:37:10 PM GMT+8","Male 男性","22","Local student 本地生","Hong Kong","The Chinese University of Hong Kong (CUHK) 香港中文大學","Undergraduate student 本科生","4 or above 四年級以上","2-4 times a month 每月二至四次","6","Monthly 每月","Beer 啤酒","Special events (birthdays, graduation, etc.) 特殊場合 （生日、畢業等等）;Socialising with friends (dorm/student club events, night out with friends, etc.) 朋友聚會 （宿舍或學生社團活動、夜生活等等）","Italian 義式","Occasionally (20%) 偶爾","2.7","Yes 有","Yes 有","0","0",""
"2021/10/16 9:41:05 PM GMT+8","Female 女性","21","Local student 本地生","Hong Kong","The Chinese University of Hong Kong (CUHK) 香港中文大學","Undergraduate student 本科生","4 or above 四年級以上","Monthly or less 少於每月","2","Less than once per month 少於每月","Beer 啤酒","Special events (birthdays, graduation, etc.) 特殊場合 （生日、畢業等等）;Networking or career-related events 社交或工作相關的場合;Socialising with friends (dorm/student club events, night out with friends, etc.) 朋友聚會 （宿舍或學生社團活動、夜生活等等）","Japanese 日式","Occasionally (20%) 偶爾","3.0","No 沒有","No 沒有","0","0",""
"2021/10/16 9:43:00 PM GMT+8","Female 女性","21","Local student 本地生","Hong Kong","The Chinese University of Hong Kong (CUHK) 香港中文大學","Undergraduate student 本科生","2","Never 從來不飲用","1","Less than once per month 少於每月","Beer 啤酒","I don't consume alcoholic beverage 我不飲用含酒精的飲料;Special events (birthdays, graduation, etc.) 特殊場合 （生日、畢業等等）","Italian 義式","Never (0%) 從來不會","3.3","No 沒有","No 沒有","0","0",""
"2021/10/17 12:27:45 AM GMT+8","Female 女性","21","Local student 本地生","Hong Kong","The Chinese University of Hong Kong (CUHK) 香港中文大學","Undergraduate student 本科生","4 or above 四年級以上","Monthly or less 少於每月","5","Less than once per month 少於每月","Soju 燒酒","Special events (birthdays, graduation, etc.) 特殊場合 （生日、畢業等等）;Family gatherings 家庭聚會;Socialising with friends (dorm/student club events, night out with friends, etc.) 朋友聚會 （宿舍或學生社團活動、夜生活等等）","Japanese 日式","Occasionally (20%) 偶爾","3.0","No 沒有","No 沒有","0","0",""
"2021/10/23 3:41:14 PM GMT+8","Male 男性","21","Non-local student 非本地生","Thailand","The Chinese University of Hong Kong (CUHK) 香港中文大學","Undergraduate student 本科生","4 or above 四年級以上","Never 從來不飲用","0","Never 從來不會","I don't consume alcoholic beverage 我不飲用含酒精的飲料","I don't consume alcoholic beverage 我不飲用含酒精的飲料","Japanese 日式","Never (0%) 從來不會","3.2","No 沒有","No 沒有","0","0",""
"2021/10/24 6:02:42 AM GMT+8","Female 女性","26","Local student 本地生","Hong Kong","The Chinese University of Hong Kong (CUHK) 香港中文大學","Undergraduate student 本科生","4 or above 四年級以上","Never 從來不飲用","0","Never 從來不會","I don't consume alcoholic beverage 我不飲用含酒精的飲料","Networking or career-related events 社交或工作相關的場合","Italian 義式","Never (0%) 從來不會","3","No 沒有","No 沒有","0","0",""
"2021/10/30 3:24:31 PM GMT+8","Female 女性","21","Non-local student 非本地生","Korea, South","The Chinese University of Hong Kong (CUHK) 香港中文大學","Undergraduate student 本科生","4 or above 四年級以上","Monthly or less 少於每月","5","Never 從來不會","Beer 啤酒","Socialising with friends (dorm/student club events, night out with friends, etc.) 朋友聚會 （宿舍或學生社團活動、夜生活等等）;Drinking alone 單獨飲酒","Italian 義式","Never (0%) 從來不會","3","Yes 有","Yes 有","0","0",""